-6.343206688809491567e+00,nan,nan,nan,nan,nan,nan,nan,nan,nan,nan,nan,-5.878485823905854168e+00,nan,nan,nan,nan,nan,-5.583388218710063633e+00,nan,-5.485251021508155134e+00,nan,nan,nan,nan,nan,-5.191914187755135579e+00,nan,-5.094630006136473099e+00,nan,nan,nan,nan,nan,nan,-4.757365033903449891e+00,nan,nan,nan,-4.568180670597087989e+00,nan,nan,nan,nan,-4.337899365231238313e+00,nan,-4.248552790869693396e+00,nan,nan,-4.118584878651167180e+00,nan,nan,nan,nan,nan,-3.878772488387260520e+00,nan,nan,nan,nan,-3.707348048856286660e+00,nan,nan,nan,nan,-3.568293253028872236e+00,-3.544517708275426227e+00,nan,nan,-3.480634846735411791e+00,nan,nan,nan,nan,nan,nan,nan,-3.347141883689169983e+00,nan,nan,nan,nan,-3.265729940477037907e+00,nan,-3.228113175521677647e+00,-3.207697102366794617e+00,-3.186074085576688475e+00,nan,-3.138897680166564008e+00,nan,nan,nan,-3.027583409743320519e+00,nan,-2.963299430666388457e+00,nan,nan,-2.856687883877025325e+00,-2.818634917551553709e+00,nan,nan,nan,nan,nan,nan,-2.523579810925249411e+00,nan,nan,nan,-2.338144783507368984e+00,nan,nan,nan,-2.145042225162160143e+00,-2.095926554432022471e+00,nan,nan,nan,nan,nan,nan,-1.747438423102894545e+00,nan,nan,nan,nan,nan,nan,-1.401606046063703204e+00,nan,-1.305802063236588317e+00,nan,nan,-1.166525886063358053e+00,nan,-1.077429946955952955e+00,nan,-9.919453706611874866e-01,nan,-9.105071746609054717e-01,nan,nan,nan,nan,nan,nan,nan,-6.281743645470045934e-01,nan,nan,nan,nan,nan,nan,nan,-3.949857791995517453e-01,nan,nan,-3.080897122600690929e-01,-2.781017105068683271e-01,nan,nan,nan,nan,nan,nan,nan,nan,3.194007523230144724e-02,nan,nan,nan,nan,nan,nan,3.283059179579154163e-01,3.738239416807595528e-01,nan,nan,nan,nan,nan,nan,nan,nan,nan,8.538994561945960626e-01,nan,9.529808790843801170e-01,nan,nan,nan,nan,nan,nan,nan,nan,1.402160016834103073e+00,nan,nan,1.552121882882737225e+00,1.602084782905122795e+00,nan,nan,nan,nan,nan,1.901483090361181905e+00,nan,nan,nan,nan,nan,nan,nan,2.299618777859926855e+00,nan,nan,2.448653665186358186e+00,nan,nan,2.597574351774695423e+00,nan,nan,nan,nan,2.845571963651595482e+00,nan,nan,nan,nan
nan,nan,nan,nan,nan,nan,nan,nan,nan,1.285728710117314488e+00,nan,1.302793804755048246e+00,nan,1.320090696524402807e+00,nan,nan,nan,nan,nan,nan,1.384604834031660348e+00,nan,nan,nan,nan,1.436319862929481772e+00,nan,1.458840548905960155e+00,nan,nan,1.495106303112131441e+00,nan,nan,nan,nan,nan,nan,nan,nan,nan,nan,nan,nan,nan,nan,nan,nan,nan,nan,nan,nan,1.900849524529565349e+00,nan,nan,nan,2.025211900862868397e+00,nan,nan,nan,2.168248099195484002e+00,nan,nan,2.287023191643942965e+00,nan,2.371002830714376231e+00,nan,nan,nan,nan,nan,nan,2.686736286794839668e+00,2.733653347631102015e+00,nan,nan,nan,nan,nan,nan,nan,nan,3.160302899930794052e+00,nan,nan,nan,3.345453625975755685e+00,nan,nan,nan,nan,nan,nan,nan,nan,nan,3.757702589743279642e+00,3.792857445974969544e+00,nan,3.859104722215379812e+00,nan,3.919722571998343508e+00,nan,nan,3.999769359161868376e+00,nan,4.045806726588525137e+00,4.066631688199286998e+00,nan,nan,nan,nan,nan,nan,nan,nan,nan,nan,nan,nan,nan,nan,nan,nan,nan,nan,nan,nan,nan,nan,nan,nan,nan,4.093842492514443876e+00,nan,nan,nan,nan,nan,nan,nan,nan,3.854753622045898886e+00,nan,nan,nan,nan,nan,nan,nan,3.557187142767807675e+00,3.516813118693562057e+00,3.476078352182943032e+00,nan,nan,3.352724931189565716e+00,nan,nan,nan,3.189297561755302990e+00,nan,3.109817217689335056e+00,nan,nan,2.995608493031938657e+00,nan,nan,nan,nan,2.824721894682622914e+00,nan,nan,nan,2.710672177472749134e+00,nan,nan,nan,nan,nan,2.582135875784632439e+00,nan,2.550404486824410011e+00,nan,nan,nan,nan,nan,2.484515745708823609e+00,nan,nan,2.465642268207560495e+00,2.461099758417287120e+00,nan,nan,nan,2.450407185574564828e+00,nan,2.448939270049447003e+00,nan,2.449638071931022232e+00,nan,nan,nan,2.456461831866885159e+00,nan,nan,nan,nan,nan,nan,nan,nan,2.490608751662812370e+00,nan,nan,2.505894774553655946e+00,2.511298428640010627e+00,nan,nan,nan,nan,nan,nan,nan,nan,nan,nan,nan,nan,nan,nan,nan
nan,nan,nan,nan,-3.636237588167932522e+00,nan,nan,nan,nan,nan,nan,nan,nan,nan,nan,nan,-3.043800415439523288e+00,-2.994652092291466783e+00,nan,nan,nan,nan,-2.749414611705575329e+00,nan,-2.651622188501881805e+00,nan,-2.554058966523192531e+00,nan,-2.456774783269126683e+00,nan,nan,nan,-2.263304840385701677e+00,nan,nan,nan,nan,nan,nan,nan,nan,nan,-1.791122446045235739e+00,nan,nan,nan,nan,nan,nan,nan,nan,nan,-1.356920867091130356e+00,nan,nan,nan,nan,nan,-1.134429497662536646e+00,nan,-1.069492825290200511e+00,nan,nan,-9.819904318853917013e-01,nan,nan,nan,nan,nan,nan,nan,nan,nan,nan,nan,nan,nan,nan,nan,-6.781488758431764019e-01,nan,nan,nan,-6.095646655661050017e-01,nan,nan,nan,nan,nan,nan,nan,nan,nan,nan,nan,nan,nan,nan,nan,nan,nan,nan,-1.765607936323516231e-02,nan,nan,nan,nan,2.058277515922846690e-01,nan,nan,nan,nan,4.439891140934393299e-01,nan,nan,nan,6.408675109607677722e-01,nan,nan,nan,nan,nan,nan,9.902186869410803949e-01,nan,1.089444559181697469e+00,nan,nan,nan,1.284400920399373147e+00,1.332053160329497610e+00,1.379138052670215941e+00,nan,nan,nan,1.560425276610132972e+00,1.603648685621206882e+00,nan,nan,nan,nan,nan,nan,nan,nan,nan,nan,2.009680859019081112e+00,2.040538869819364720e+00,nan,nan,nan,nan,nan,nan,nan,nan,nan,nan,2.359753513059216878e+00,nan,nan,nan,nan,nan,nan,nan,2.631254867221194171e+00,nan,nan,nan,nan,nan,2.877219828439268046e+00,nan,nan,nan,nan,nan,3.151694092017060633e+00,nan,3.247349691574588526e+00,nan,3.344377450366179616e+00,3.393295846877056654e+00,3.442432813161013350e+00,nan,nan,nan,nan,nan,nan,nan,nan,nan,nan,nan,nan,nan,4.140000065903487680e+00,nan,nan,nan,nan,nan,nan,nan,nan,nan,4.638981288321081031e+00,nan,nan,nan,nan,4.887766853826143176e+00,nan,nan,nan,nan,nan,nan,nan,5.285047739784287657e+00,5.334655976357339568e+00,5.384254906380809835e+00,nan,nan,nan,nan,5.632129672516832386e+00,nan
nan,nan,nan,8.495468842519664221e-02,nan,8.932667598852413182e-02,9.538982511065165204e-02,nan,nan,nan,nan,nan,1.433305709921147697e-01,nan,nan,nan,nan,1.878987545881012078e-01,nan,nan,nan,nan,nan,2.467707975669922171e-01,nan,nan,nan,nan,nan,nan,3.269553510734534707e-01,nan,3.530790852215390796e-01,nan,nan,nan,nan,nan,nan,nan,nan,nan,nan,nan,nan,nan,nan,nan,6.514306616792334692e-01,nan,7.045005793265712857e-01,nan,nan,nan,nan,nan,nan,nan,nan,1.000097146385985125e+00,1.038656879144423062e+00,1.078265089963533985e+00,nan,1.160421938102642381e+00,nan,1.246094936494807071e+00,nan,1.334735427070793179e+00,1.379986096544393526e+00,nan,nan,1.518585333985340791e+00,nan,nan,nan,nan,nan,nan,nan,nan,nan,nan,nan,nan,nan,2.177302673166257474e+00,nan,nan,nan,nan,nan,2.436521245980112660e+00,nan,2.515403587599754243e+00,nan,nan,2.624706493165471333e+00,nan,nan,nan,nan,nan,nan,nan,2.855369795692496382e+00,2.877655773779026482e+00,nan,nan,2.935773326078515488e+00,2.952255626398357258e+00,2.967304880361103514e+00,nan,2.993127502574207455e+00,nan,nan,3.021212204129568590e+00,nan,nan,3.036452985508774294e+00,nan,nan,nan,3.036289983327884467e+00,nan,nan,nan,nan,nan,nan,nan,nan,nan,nan,nan,nan,2.860132001117054568e+00,nan,nan,nan,nan,nan,nan,nan,nan,nan,nan,nan,nan,nan,nan,nan,nan,nan,2.225782817978755102e+00,nan,nan,nan,nan,nan,nan,nan,nan,1.864729913619715518e+00,nan,nan,nan,nan,1.688424279749143997e+00,nan,nan,nan,nan,nan,nan,nan,nan,1.451149117909485975e+00,nan,nan,nan,nan,nan,nan,nan,1.333821495379275968e+00,nan,nan,1.309149577636200323e+00,1.302875162553572386e+00,1.297491315398062950e+00,nan,nan,nan,1.283897321704734251e+00,1.282256232765067727e+00,nan,nan,1.280884838533322467e+00,nan,nan,nan,1.286002466170627301e+00,nan,1.290975548372610859e+00,nan,nan,nan,1.304724845068717443e+00,nan,1.313164306336161102e+00,nan,nan,nan,1.332486501035460069e+00,1.337743821744159733e+00,nan,1.348686759704839755e+00,nan,nan,nan,nan,nan,nan,nan,nan,nan,nan,nan,nan,nan,nan
nan,nan,nan,-5.648842088487882940e+00,nan,nan,nan,nan,nan,nan,nan,nan,nan,nan,nan,nan,nan,nan,-4.911172702999635931e+00,-4.862086367691552447e+00,nan,nan,nan,nan,nan,-4.568448677282705539e+00,nan,nan,nan,nan,nan,nan,-4.228944460969485952e+00,nan,nan,nan,nan,nan,-3.942928800107876164e+00,nan,nan,nan,nan,-3.711026944443356346e+00,-3.665683762296792381e+00,nan,-3.576337187935236361e+00,-3.532424123002873451e+00,nan,nan,nan,nan,-3.322560487722752587e+00,nan,nan,-3.206556885452797712e+00,-3.169921616667329634e+00,-3.134406434170037947e+00,-3.100069118294159765e+00,-3.066962416226520105e+00,nan,nan,nan,nan,nan,nan,nan,nan,nan,nan,nan,nan,nan,nan,nan,nan,-2.690266989025204669e+00,nan,nan,nan,nan,-2.610954231893656718e+00,nan,nan,nan,-2.535481499432331809e+00,-2.513858482642225667e+00,nan,nan,nan,-2.413915715662254602e+00,nan,nan,nan,-2.291083827731925648e+00,-2.256859974734073404e+00,nan,-2.184472280942562517e+00,nan,nan,nan,nan,nan,-1.940121380261028872e+00,nan,nan,nan,nan,nan,nan,nan,nan,nan,nan,nan,nan,nan,nan,nan,nan,nan,nan,nan,nan,nan,nan,nan,nan,-7.293904431292405066e-01,nan,nan,nan,nan,nan,-4.493418464778193844e-01,nan,nan,nan,nan,nan,nan,nan,-1.243283058612300040e-01,nan,nan,nan,nan,nan,7.489924918774157336e-02,nan,1.345135220784355323e-01,nan,nan,nan,nan,nan,nan,nan,nan,nan,4.248061173699582138e-01,4.562996118378037091e-01,nan,nan,nan,nan,nan,nan,nan,nan,nan,8.258345158584889933e-01,nan,nan,nan,nan,1.046039544615222194e+00,nan,nan,nan,nan,nan,nan,nan,nan,nan,nan,1.575591727051491864e+00,1.625196482018842481e+00,nan,nan,nan,nan,1.874415100601382722e+00,nan,nan,2.024375712932253268e+00,nan,nan,2.174360445271865228e+00,nan,nan,nan,nan,nan,2.473976845824872317e+00,nan,nan,nan,2.673341667689459467e+00,nan,nan,nan,nan,nan,2.971834380794389663e+00,nan,nan,nan,nan,nan,nan,nan,nan,3.418615285749189159e+00,nan,nan,nan,nan,nan,nan
nan,nan,nan,1.458557396635056014e+00,1.469767087886757473e+00,nan,nan,nan,nan,1.514076510769921224e+00,1.522518733092028675e+00,nan,nan,nan,nan,nan,nan,1.584229069191509520e+00,nan,1.603090835918880241e+00,nan,nan,nan,nan,1.653671931728629030e+00,1.664501461710915065e+00,nan,nan,nan,nan,nan,nan,nan,nan,nan,nan,1.807373747943852083e+00,nan,1.839742206481917330e+00,nan,1.874760054018464128e+00,nan,nan,nan,nan,nan,1.998922137884124650e+00,nan,nan,nan,nan,nan,nan,2.188870628461320411e+00,nan,nan,nan,nan,nan,nan,nan,nan,2.515204785501572893e+00,nan,nan,nan,nan,2.731067973737921761e+00,nan,nan,nan,nan,2.961834941488731943e+00,nan,nan,3.103848098420034063e+00,nan,nan,nan,nan,nan,3.388484493788423979e+00,nan,nan,nan,nan,nan,nan,nan,nan,nan,3.832853792647240798e+00,3.872854582700099080e+00,3.911736134266882381e+00,nan,nan,nan,nan,nan,4.118311336494611119e+00,nan,nan,nan,nan,nan,4.273988320446155065e+00,nan,nan,nan,nan,nan,nan,nan,nan,nan,nan,nan,4.429144750208080517e+00,nan,nan,nan,nan,4.432622529995011718e+00,nan,nan,nan,nan,nan,nan,nan,4.357354799938478074e+00,nan,nan,4.301835016295025405e+00,4.279975471351039396e+00,nan,nan,4.204609509368346210e+00,nan,nan,nan,nan,4.049164370733744356e+00,nan,nan,nan,nan,3.864620663497350339e+00,nan,nan,nan,nan,nan,nan,nan,nan,nan,nan,nan,nan,nan,nan,nan,3.223790086889569029e+00,nan,3.152095755359629159e+00,nan,3.084756826416271025e+00,nan,3.022342122929079444e+00,nan,nan,nan,nan,2.890293781064304568e+00,2.868172472109588256e+00,nan,2.828204643975211763e+00,nan,nan,nan,nan,nan,nan,nan,nan,nan,nan,nan,nan,nan,nan,2.682530000251476032e+00,nan,nan,nan,2.677120863907077375e+00,nan,2.677819665788652603e+00,2.678894170917545114e+00,nan,nan,nan,nan,nan,nan,nan,nan,nan,nan,2.714044667966343916e+00,nan,2.723719577636717570e+00,nan,nan,nan,nan,2.750684276661851335e+00,nan,2.762355003472807269e+00,nan,2.774426008729788506e+00,nan,nan,nan,nan,nan,2.812509723324385202e+00,nan,2.825686584966387471e+00,nan
nan,nan,-4.271148006238821182e+00,nan,nan,nan,nan,nan,nan,nan,nan,nan,nan,nan,nan,nan,nan,nan,nan,nan,nan,nan,-3.276477423735339567e+00,nan,nan,nan,-3.077033675305097749e+00,nan,nan,-2.927247898083996436e+00,-2.877284998053610376e+00,nan,nan,nan,nan,-2.627325202578953078e+00,nan,nan,nan,-2.427505761655235350e+00,nan,nan,nan,nan,nan,nan,nan,nan,nan,nan,nan,nan,nan,nan,nan,nan,nan,nan,nan,nan,nan,nan,nan,nan,nan,nan,nan,nan,-1.141624424213268041e+00,-1.109247124069623114e+00,nan,nan,nan,nan,-9.587577334421419906e-01,-9.301773359667303565e-01,-9.018001125564119036e-01,nan,nan,nan,nan,nan,nan,nan,nan,-6.326687828774300026e-01,-5.990495770064850900e-01,-5.643791816137582185e-01,nan,nan,nan,nan,-3.744652114064338511e-01,-3.332177445050950593e-01,nan,nan,nan,nan,nan,nan,-1.936105192969430483e-02,nan,nan,1.250282006187861672e-01,nan,nan,2.727626239994052071e-01,3.224734214587233194e-01,nan,4.222753079366121653e-01,nan,nan,nan,nan,nan,7.213981535926070610e-01,nan,nan,nan,nan,nan,nan,nan,1.106864356807519378e+00,nan,nan,nan,nan,nan,1.372632378229366568e+00,nan,nan,nan,nan,nan,nan,nan,nan,1.702420294577037474e+00,nan,nan,1.788068040724718699e+00,nan,nan,1.860910970410405652e+00,1.882533987200511794e+00,nan,nan,nan,1.958006719661836703e+00,nan,1.990840984242980172e+00,nan,nan,nan,nan,nan,2.084417150801978647e+00,2.101008061686285622e+00,nan,nan,nan,nan,nan,nan,nan,2.268230693310385515e+00,nan,nan,nan,2.382184933690004058e+00,nan,nan,nan,nan,nan,nan,nan,nan,nan,nan,nan,2.836136162983506903e+00,nan,nan,nan,nan,nan,nan,nan,nan,3.243017555431399135e+00,nan,nan,nan,nan,nan,nan,nan,nan,nan,nan,nan,nan,nan,nan,nan,4.013184571480080010e+00,nan,nan,nan,nan,nan,nan,nan,4.405666869797949303e+00,nan,nan,nan,nan,nan,nan,nan,nan,nan,nan,nan,4.997189976224553298e+00,nan,nan,nan
nan,nan,-4.624353209735422299e-01,-4.657438746646219707e-01,-4.638519170902657973e-01,nan,nan,-4.489634997517600867e-01,nan,-4.370543631336402113e-01,nan,nan,nan,-4.134838174740736449e-01,nan,nan,nan,-3.916308212971998937e-01,nan,-3.816028087304192407e-01,nan,nan,nan,nan,-3.600126258001609125e-01,nan,nan,nan,nan,nan,nan,nan,nan,nan,nan,-3.403782625588351873e-01,nan,-3.430425900525888028e-01,nan,nan,nan,-3.566365837486400459e-01,-3.620204309042607260e-01,nan,nan,nan,nan,nan,nan,nan,nan,-4.566025781870822198e-01,nan,nan,-5.102943862603069869e-01,-5.309851937932806853e-01,nan,nan,nan,nan,nan,nan,nan,nan,nan,-8.149084770433230318e-01,-8.502513747187508963e-01,nan,nan,nan,-1.000811533230659744e+00,-1.040282881422573968e+00,nan,nan,nan,nan,nan,-1.284928086329575780e+00,-1.326079234523465988e+00,nan,nan,nan,-1.488091509660810274e+00,nan,nan,nan,nan,nan,nan,nan,-1.778255357417846350e+00,nan,-1.839161897115178634e+00,nan,nan,nan,nan,nan,nan,-2.003344533978386632e+00,nan,-2.035308988844402034e+00,nan,nan,nan,nan,nan,-2.091618913280692826e+00,nan,nan,nan,nan,-2.095598253859594973e+00,-2.091957471891773057e+00,nan,nan,nan,-2.063053694857428511e+00,nan,-2.040072533561863022e+00,nan,nan,nan,nan,-1.957626003740609244e+00,nan,nan,nan,nan,-1.838860854922181431e+00,nan,nan,-1.750099037756702502e+00,nan,nan,nan,nan,nan,-1.535667304383790732e+00,nan,nan,nan,-1.369689709782735632e+00,-1.325972275054416727e+00,-1.281530589452782865e+00,nan,nan,nan,nan,-1.051297215472115409e+00,-1.004171543680929091e+00,nan,nan,nan,nan,nan,nan,-6.718148305246075536e-01,-6.246476631724230399e-01,-5.777306023361608034e-01,nan,nan,nan,nan,nan,nan,-2.619971462556969777e-01,nan,nan,-1.374103583143537755e-01,nan,nan,-2.177314361759929290e-02,nan,nan,nan,1.166443427249133913e-01,nan,nan,nan,2.363541523226101726e-01,nan,nan,nan,nan,nan,nan,nan,4.244433934748518822e-01,nan,4.624272242974084013e-01,4.802867550502918359e-01,4.974450718329969656e-01,5.139413244436961126e-01,nan,nan,5.598313979197716561e-01,nan,nan,nan,nan,nan,nan,nan,nan,6.726858122077864488e-01,nan,nan,nan,nan,nan,nan,nan,7.529574820381805811e-01,nan,nan,nan,nan,nan,nan,nan,nan,nan,8.394673578235153366e-01,nan,8.556730314673572924e-01,nan,nan,8.795223297978432830e-01,nan,8.951660847164447654e-01
nan,nan,nan,nan,nan,nan,nan,-4.148728476432000711e+00,-4.099390856892073387e+00,nan,nan,nan,nan,nan,-3.803768295834034863e+00,nan,nan,nan,nan,nan,nan,nan,-3.411008365023187494e+00,-3.362086228395660736e+00,nan,-3.264402822121894143e+00,nan,nan,nan,nan,nan,-2.973104266265982787e+00,nan,nan,nan,nan,nan,-2.686083300003354601e+00,nan,nan,nan,nan,nan,nan,nan,nan,nan,nan,nan,nan,nan,nan,nan,nan,nan,nan,nan,nan,-1.796023261730422149e+00,nan,nan,nan,nan,nan,nan,nan,nan,nan,nan,nan,nan,-1.467195243163161633e+00,nan,nan,-1.417277500713679084e+00,nan,-1.386221132461467054e+00,-1.370880424190969782e+00,nan,nan,nan,nan,nan,nan,-1.251851716023477890e+00,nan,nan,-1.186901131564041423e+00,nan,nan,nan,nan,nan,nan,nan,nan,nan,nan,-8.423734580533530636e-01,nan,nan,nan,-6.792498434311211586e-01,nan,nan,nan,-5.018615480428439968e-01,nan,-4.090885543991006346e-01,nan,nan,nan,nan,nan,nan,nan,nan,nan,nan,nan,nan,2.288230363953054625e-01,2.787707800039015416e-01,nan,nan,nan,nan,nan,5.746554134344967757e-01,nan,nan,nan,nan,nan,8.547040100859178979e-01,8.988315125422470242e-01,nan,nan,nan,nan,nan,nan,nan,nan,nan,nan,nan,nan,nan,nan,nan,nan,nan,nan,nan,1.581275680298647845e+00,1.609856077774059369e+00,nan,nan,nan,1.728851973933695385e+00,1.760345468401540936e+00,nan,nan,nan,nan,nan,nan,nan,nan,2.088347540601105834e+00,nan,nan,nan,nan,nan,nan,nan,nan,2.490100327949174908e+00,nan,nan,nan,nan,nan,nan,nan,nan,nan,nan,nan,3.078604105987233108e+00,3.128513891251931245e+00,nan,3.228434018178950815e+00,3.278423546911243491e+00,nan,nan,nan,nan,nan,nan,nan,nan,nan,nan,nan,nan,nan,nan,nan,nan,nan,nan,nan,nan,nan,nan,nan,nan,nan,nan,4.623453975716401487e+00,4.673062212289453399e+00,nan,nan,nan,nan,nan,nan,nan
nan,nan,nan,nan,nan,nan,nan,nan,nan,nan,nan,nan,nan,nan,nan,nan,nan,nan,nan,nan,nan,nan,nan,nan,nan,nan,nan,nan,nan,nan,nan,nan,nan,nan,nan,nan,nan,nan,6.640716785622522433e-01,nan,nan,nan,nan,nan,nan,nan,nan,nan,nan,nan,nan,nan,nan,nan,nan,1.077722966799109283e+00,1.111750265854669184e+00,nan,nan,nan,nan,1.298927108709273526e+00,nan,nan,nan,1.466756955240546612e+00,nan,nan,1.600648115290133067e+00,nan,nan,nan,nan,nan,nan,nan,nan,nan,2.070889059798407761e+00,nan,2.165688294075849285e+00,nan,nan,nan,2.352322781819030428e+00,nan,2.443047339847702837e+00,2.487489025449336477e+00,nan,2.574116010765047591e+00,nan,2.657183264725852201e+00,nan,nan,nan,nan,2.845368511911210874e+00,nan,nan,2.942640808573222522e+00,nan,nan,nan,nan,3.076031814438236367e+00,nan,nan,nan,nan,nan,3.187966899106843499e+00,nan,3.213789521319947440e+00,nan,nan,3.241874222875308575e+00,nan,nan,nan,nan,3.260013347416080176e+00,nan,nan,nan,nan,nan,nan,3.222104387473087694e+00,nan,nan,3.181684272017091697e+00,nan,3.146353558450687871e+00,nan,3.104304943429653019e+00,nan,nan,nan,nan,2.970934651569818286e+00,nan,nan,nan,nan,nan,nan,nan,nan,nan,2.609698208704051225e+00,nan,2.528589418119186583e+00,nan,nan,2.405235997125809266e+00,nan,nan,nan,nan,nan,nan,nan,nan,nan,2.011768125113670536e+00,nan,nan,nan,nan,nan,1.817451545258906398e+00,nan,nan,1.738183726616572278e+00,nan,nan,nan,nan,nan,nan,nan,nan,1.576314801548548861e+00,1.564827134516572960e+00,nan,nan,nan,nan,nan,nan,nan,nan,nan,1.504559340450474680e+00,nan,nan,nan,nan,nan,nan,nan,nan,nan,nan,nan,1.517938253026625439e+00,nan,nan,nan,nan,nan,nan,nan,nan,nan,nan,nan,1.575013748740464958e+00,nan,nan,nan,nan,nan,1.611169784893154544e+00,1.617490080813989373e+00,nan,nan,nan,nan,1.650016057045001094e+00,nan
nan,-4.444773063439672711e+00,nan,nan,nan,-4.245192572936101527e+00,nan,nan,nan,nan,-3.996908295677794598e+00,nan,nan,nan,nan,-3.748572709021163352e+00,-3.698865412644754880e+00,nan,nan,nan,nan,nan,nan,nan,nan,nan,nan,nan,nan,nan,nan,nan,nan,nan,nan,nan,nan,nan,-2.601206059720543529e+00,nan,-2.501437032369441926e+00,nan,nan,-2.352329752083953451e+00,nan,nan,nan,nan,nan,-2.058448095975439873e+00,nan,nan,nan,nan,-1.822777569647696660e+00,nan,-1.732419299603829677e+00,nan,nan,nan,nan,nan,nan,nan,nan,nan,nan,-1.298743156008255850e+00,-1.265414937013922936e+00,nan,nan,nan,nan,-1.111469915941752040e+00,-1.082548246242796663e+00,nan,nan,nan,nan,-9.402460086048800569e-01,nan,nan,nan,-8.207792634199322368e-01,-7.890820583608444405e-01,nan,nan,nan,nan,nan,nan,nan,nan,nan,nan,nan,nan,nan,nan,nan,nan,nan,nan,nan,nan,nan,nan,nan,nan,nan,3.484787733701234513e-01,nan,nan,nan,nan,nan,nan,nan,7.449124815057098781e-01,nan,8.415097130793992575e-01,nan,nan,nan,nan,nan,1.119384815429900426e+00,1.163383355228554183e+00,nan,nan,1.290168819102698761e+00,nan,nan,nan,nan,1.480121949701598938e+00,nan,1.547193736418234211e+00,nan,nan,1.637177690629779914e+00,nan,nan,nan,nan,nan,nan,nan,nan,nan,nan,nan,1.882750767261087921e+00,1.898188255722232265e+00,1.913528963992729981e+00,nan,1.944585332244941567e+00,nan,nan,nan,nan,nan,nan,nan,nan,nan,nan,nan,2.198706097498155376e+00,2.227879020913125618e+00,nan,nan,nan,nan,nan,nan,nan,2.506202241038065992e+00,2.545822462690278343e+00,nan,nan,nan,nan,nan,nan,nan,nan,nan,2.980024041644296240e+00,3.026114169399289011e+00,nan,nan,nan,nan,nan,3.308411405942612404e+00,nan,nan,nan,nan,nan,nan,3.645676378531587769e+00,nan,3.742960560988827456e+00,nan,3.840523780262676379e+00,3.889394058679425115e+00,nan,nan,nan,4.085348383023960750e+00,nan,nan,nan,nan,nan,nan,4.429539806324772400e+00,4.478800785147420527e+00,4.528078903166110614e+00,nan,nan,nan,nan,nan,nan,nan,nan,nan,5.021541054093048295e+00
nan,-4.017055006812846329e-01,nan,-4.002888664494825832e-01,nan,nan,nan,nan,nan,nan,-3.630181054974376820e-01,-3.570659225641933943e-01,nan,nan,nan,nan,nan,nan,-3.184697643393566979e-01,nan,nan,nan,nan,nan,nan,nan,nan,nan,nan,-2.770856466457304879e-01,nan,nan,-2.725702999740156618e-01,nan,nan,nan,-2.733394136805597507e-01,-2.749805026228266391e-01,nan,nan,nan,-2.885744963188778822e-01,nan,nan,nan,nan,nan,nan,nan,nan,nan,nan,nan,nan,-4.422322988305465996e-01,nan,nan,nan,nan,nan,-5.878727074342259273e-01,nan,-6.476541227941862156e-01,nan,nan,nan,nan,-8.185407211435026253e-01,nan,nan,-9.327494458008994682e-01,nan,nan,nan,nan,-1.134490022024888578e+00,-1.175657159301129573e+00,-1.216865998899815393e+00,-1.258017147093705601e+00,nan,nan,-1.380119370879371310e+00,nan,nan,nan,nan,nan,-1.608968987037016296e+00,nan,nan,nan,nan,-1.771099809685418247e+00,-1.799360143622280361e+00,nan,nan,-1.874726105604973325e+00,nan,-1.916774720626007511e+00,-1.935282446548626023e+00,-1.952105434192412670e+00,nan,nan,nan,nan,nan,nan,-2.023556825850932217e+00,-2.027373164248944981e+00,-2.029658532580297603e+00,nan,nan,nan,nan,nan,nan,-2.004353812762346809e+00,nan,nan,nan,-1.958388061282164028e+00,nan,nan,nan,nan,nan,nan,nan,nan,nan,nan,-1.713061970748543050e+00,nan,nan,nan,nan,-1.544183097923109926e+00,nan,nan,nan,-1.386556202184548114e+00,nan,nan,nan,nan,-1.168385854087316877e+00,nan,nan,nan,nan,-9.361094562511688144e-01,nan,nan,nan,-7.461645848723980068e-01,nan,nan,nan,nan,nan,nan,-4.168421249430405706e-01,nan,nan,nan,nan,nan,nan,nan,-6.934827088459336042e-02,nan,nan,nan,nan,nan,nan,nan,nan,nan,nan,nan,nan,3.574861573997121234e-01,nan,nan,nan,nan,nan,4.925054809046121584e-01,nan,nan,nan,nan,5.820034118734563888e-01,nan,nan,nan,nan,nan,nan,nan,nan,nan,nan,nan,nan,nan,nan,nan,nan,nan,nan,nan,nan,8.302102205505427213e-01,nan,nan,nan,nan,nan,nan,8.910311167203205374e-01,8.993197186356494122e-01,nan,nan,nan,9.317414671759632894e-01,nan,nan,nan,nan
nan,-4.096084599683626593e+00,nan,-3.998332809610563032e+00,nan,nan,nan,-3.799799345848170251e+00,-3.750426103273937439e+00,nan,nan,nan,-3.553231935154217869e+00,nan,nan,-3.405564786202759375e+00,nan,nan,nan,nan,nan,-3.110973237138079828e+00,-3.062004004896147435e+00,nan,nan,nan,nan,-2.817967847557895755e+00,-2.769364181588712004e+00,-2.720845460864322884e+00,nan,nan,nan,nan,nan,nan,nan,nan,nan,nan,nan,nan,nan,-2.057976722268180403e+00,-2.012633540121588016e+00,nan,nan,nan,-1.836033453040085694e+00,-1.793319053541465369e+00,nan,nan,nan,nan,nan,nan,-1.516871394492087077e+00,-1.481356211994795391e+00,nan,nan,nan,nan,nan,nan,-1.268127983366963418e+00,nan,nan,-1.196758971685796480e+00,nan,nan,nan,-1.118190877551656914e+00,nan,nan,nan,nan,nan,-1.021876058579465063e+00,nan,nan,nan,nan,nan,nan,nan,nan,nan,-8.378967659525364819e-01,nan,nan,nan,nan,nan,nan,nan,nan,nan,nan,nan,nan,nan,nan,nan,nan,nan,nan,nan,nan,nan,nan,nan,nan,nan,nan,nan,nan,nan,nan,nan,nan,nan,nan,nan,nan,nan,nan,8.261193268355425667e-01,8.750745093246360407e-01,nan,nan,1.019463761873116159e+00,1.066548654213834491e+00,1.112997164213330059e+00,nan,nan,nan,nan,nan,nan,nan,nan,nan,nan,nan,nan,nan,nan,nan,1.727949471362983047e+00,nan,nan,nan,nan,nan,nan,nan,nan,1.987782113084519242e+00,nan,2.047164114602835649e+00,nan,2.109349834013045211e+00,2.141727134156690138e+00,nan,nan,2.244753483959860851e+00,2.281178419169131555e+00,nan,2.357205900342005389e+00,nan,nan,2.478884738033730439e+00,2.521328880817233387e+00,nan,nan,nan,nan,nan,2.791915309119560096e+00,nan,nan,nan,nan,nan,nan,nan,nan,nan,nan,nan,3.377749229512260420e+00,nan,nan,nan,nan,nan,nan,nan,nan,nan,3.877387707992440369e+00,nan,nan,nan,4.077136385092771320e+00,nan,nan,4.226748915470885493e+00,nan,nan,nan,nan,nan,nan,nan,nan,4.674576819001515560e+00,nan,nan,nan,nan,nan,nan,nan,nan,nan,nan,nan,nan,5.319540274060450713e+00,5.369094789530037382e+00
nan,nan,nan,nan,nan,nan,4.999187993941681118e-01,nan,nan,nan,nan,nan,nan,5.573688584804983304e-01,nan,5.750586453621073790e-01,nan,nan,nan,nan,nan,nan,nan,6.521654387843570655e-01,nan,nan,nan,nan,nan,nan,nan,7.451991708105849543e-01,nan,nan,nan,nan,nan,8.323080612195089545e-01,nan,nan,nan,9.024230067728199467e-01,nan,nan,nan,nan,1.007984245228499498e+00,nan,nan,1.082815315218844221e+00,nan,nan,nan,nan,1.229605042935749459e+00,1.262455602064851856e+00,nan,nan,nan,nan,1.444051533155905176e+00,nan,nan,nan,nan,1.651489590506289185e+00,nan,1.740130081082275293e+00,nan,nan,nan,1.923979987996822905e+00,1.970897048833085252e+00,2.018064216185269988e+00,nan,nan,nan,nan,nan,nan,2.350420929341591414e+00,nan,nan,2.490933287802164386e+00,2.537055417084772557e+00,nan,nan,nan,nan,nan,nan,2.841915899991594330e+00,nan,nan,nan,nan,3.030101147176953003e+00,nan,nan,3.127373443838964651e+00,nan,3.185110240582842422e+00,nan,nan,nan,3.283050427790508152e+00,nan,nan,3.341167980089997158e+00,nan,3.372699534372585184e+00,nan,nan,3.409303080518089502e+00,nan,nan,nan,nan,3.441847639520255964e+00,nan,nan,3.443970005670719203e+00,nan,nan,3.432498325388471994e+00,nan,nan,nan,nan,nan,nan,nan,nan,nan,3.289037578695394703e+00,nan,nan,nan,nan,nan,nan,3.091997323247884122e+00,nan,nan,nan,nan,nan,nan,nan,nan,2.754056819895547292e+00,nan,2.672328620184126979e+00,nan,2.589968632391550951e+00,nan,nan,2.466988670510905202e+00,2.426541262957288225e+00,nan,nan,nan,nan,nan,nan,nan,nan,nan,2.061965595884608149e+00,nan,nan,nan,nan,nan,nan,nan,1.856543771920967867e+00,nan,nan,nan,nan,nan,1.761047436814290323e+00,nan,nan,nan,1.721759446910807956e+00,nan,nan,1.702885969409544842e+00,nan,nan,nan,nan,1.687650886776549619e+00,1.686627648229939602e+00,nan,1.686279492544804359e+00,1.686881773133007023e+00,nan,nan,nan,nan,1.696370202384092751e+00,1.699366382423233901e+00,1.702670888292366902e+00,1.706262022209686480e+00,1.710119499080199335e+00,nan,nan,nan,nan,1.732781684981072656e+00,nan,nan,nan,1.754081413716321647e+00,nan,nan,nan,nan,nan,nan,nan,nan,nan,nan,nan,nan,nan,nan
nan,nan,nan,nan,-6.185805538040585638e+00,nan,nan,-6.038709468069124675e+00,nan,-5.940182000488563929e+00,nan,-5.841637510382070353e+00,nan,nan,nan,nan,-5.595548074592082699e+00,nan,nan,nan,-5.399144436642166589e+00,nan,-5.301163214069972263e+00,nan,nan,nan,nan,-5.057127073462436506e+00,nan,-4.960004687352532748e+00,nan,nan,nan,nan,nan,-4.671258435533602871e+00,nan,nan,nan,nan,nan,nan,nan,nan,-4.251792766859366246e+00,nan,nan,-4.118533127565447316e+00,nan,-4.032478280279280014e+00,-3.990446411005395877e+00,-3.949156300506921902e+00,-3.908669492285327340e+00,nan,nan,nan,nan,nan,nan,nan,nan,nan,nan,nan,nan,nan,nan,nan,nan,-3.394528248363523737e+00,nan,nan,nan,nan,-3.307432361839991675e+00,nan,nan,nan,-3.245597796856137585e+00,nan,nan,nan,nan,nan,nan,nan,nan,nan,nan,-3.027124557519113690e+00,nan,nan,nan,-2.910040766013284319e+00,nan,nan,-2.807414287857553870e+00,nan,nan,nan,nan,nan,nan,nan,nan,nan,nan,nan,nan,nan,nan,nan,-2.107759511100758765e+00,nan,nan,nan,nan,nan,nan,nan,nan,-1.661331824731006490e+00,nan,nan,nan,-1.462304066012500403e+00,nan,nan,-1.315499447691815149e+00,nan,nan,nan,nan,nan,nan,nan,nan,nan,nan,nan,nan,nan,nan,nan,-6.400069397879090127e-01,nan,nan,nan,-5.112097553748329304e-01,nan,nan,nan,nan,nan,-3.372564042379819216e-01,nan,nan,nan,nan,nan,nan,-1.298093927247709056e-01,-9.743209258112608961e-02,nan,-2.977351884465492815e-02,nan,nan,nan,nan,nan,1.981926794747944087e-01,2.397255112959142953e-01,nan,3.254712032450707282e-01,nan,4.144125163298033598e-01,nan,nan,nan,nan,nan,nan,nan,7.926288251719827427e-01,8.415472216828596697e-01,nan,nan,nan,nan,nan,nan,nan,nan,nan,nan,nan,nan,1.488266615205991128e+00,1.538262987655330649e+00,1.588251440709290918e+00,nan,1.688191381277010850e+00,1.738138065150359513e+00,1.788067010036472615e+00,1.837977158354956453e+00,nan,1.937738712090746773e+00,nan,nan,nan,2.137025407368006835e+00,2.186799683299983421e+00,nan,nan,nan,nan,nan,2.485095636826814669e+00,nan,2.584412213170922623e+00,nan,nan,nan,nan,nan,2.882096497078898700e+00,nan,nan,nan,nan,nan
nan,2.636364769242253159e-01,nan,nan,nan,nan,nan,nan,nan,nan,nan,nan,nan,nan,nan,nan,4.324710602186870867e-01,nan,nan,nan,nan,nan,nan,5.005373588291622822e-01,5.111059975378440257e-01,nan,nan,nan,nan,5.682703875787477044e-01,5.807219671503743852e-01,nan,nan,nan,nan,nan,nan,nan,nan,nan,nan,nan,nan,nan,nan,nan,nan,nan,nan,nan,nan,9.864651884413195848e-01,nan,nan,nan,nan,nan,nan,nan,nan,nan,nan,1.372638855555696535e+00,nan,1.456618494626129801e+00,nan,nan,nan,nan,nan,nan,nan,1.819269011542855585e+00,1.866436178895040099e+00,nan,nan,nan,nan,nan,2.151464709070508796e+00,2.198792892051361747e+00,nan,2.292778462316862775e+00,2.339305250511934720e+00,nan,nan,nan,nan,2.564311058153168066e+00,nan,nan,nan,nan,2.769170204321006246e+00,nan,nan,nan,nan,nan,nan,nan,3.033482203292612756e+00,nan,nan,nan,nan,nan,nan,nan,nan,nan,nan,3.246894119295459902e+00,3.257675043227860279e+00,nan,nan,nan,nan,nan,nan,nan,nan,nan,3.286240261651125483e+00,nan,nan,nan,3.255208985448600156e+00,nan,nan,3.214788869992604159e+00,nan,nan,nan,nan,nan,nan,nan,3.033783245485610625e+00,nan,nan,nan,nan,nan,2.835625159781128612e+00,2.798615039589388953e+00,nan,nan,nan,nan,2.602428782605318069e+00,nan,nan,nan,2.438340595101321728e+00,nan,nan,nan,nan,2.234904229793005292e+00,nan,nan,nan,nan,2.044872723089182998e+00,nan,nan,1.942190896470396888e+00,nan,nan,nan,nan,nan,nan,1.747727851118429765e+00,1.725606542163713453e+00,nan,nan,nan,nan,1.636020150736165357e+00,nan,nan,nan,nan,1.578338325918713814e+00,1.570131409620578955e+00,1.562916194357453215e+00,nan,nan,nan,1.542966291954934954e+00,nan,1.537663938425987142e+00,nan,nan,nan,nan,nan,1.536328240971670533e+00,nan,nan,nan,nan,1.547738345133004900e+00,nan,nan,1.558491461789970334e+00,nan,nan,nan,nan,nan,1.586253117756712960e+00,nan,1.596914092551767306e+00,nan,nan,nan,nan,1.625778303317761964e+00,nan,nan,nan,nan,1.656982987466815382e+00,nan,nan,nan,nan,1.689780234329638642e+00
nan,nan,nan,nan,nan,nan,-4.292890798694088517e+00,nan,nan,nan,nan,nan,nan,nan,-3.895629924709447245e+00,nan,nan,nan,nan,nan,nan,nan,-3.497632447894697183e+00,nan,nan,-3.348079382357943778e+00,nan,nan,nan,nan,nan,nan,nan,nan,nan,nan,-2.798490697790160908e+00,nan,nan,nan,-2.598801543512209378e+00,nan,nan,-2.449694263226724456e+00,-2.400217595304296125e+00,-2.350895728704631704e+00,-2.301758762420677229e+00,nan,nan,nan,nan,nan,nan,nan,nan,-1.874624057067624916e+00,nan,-1.785682743982892839e+00,nan,nan,nan,-1.617830969262286311e+00,nan,-1.539717782764818743e+00,-1.502230733169137133e+00,nan,-1.430438021893166489e+00,nan,nan,-1.330402148013050789e+00,nan,nan,nan,nan,nan,nan,nan,nan,nan,nan,-1.008616058253682501e+00,nan,-9.490017853629885147e-01,nan,nan,nan,nan,nan,nan,nan,nan,nan,nan,nan,nan,-4.688881921537566000e-01,nan,-3.797922530463518354e-01,nan,nan,nan,nan,nan,-9.612682332464117518e-02,nan,nan,nan,nan,nan,nan,nan,nan,nan,nan,nan,nan,nan,nan,6.475479703629370976e-01,nan,7.441452019366264770e-01,nan,nan,nan,9.318048684313342545e-01,nan,nan,1.066018844085781625e+00,1.109193163819611527e+00,nan,1.192804307959926202e+00,1.233106472298697520e+00,nan,nan,nan,nan,nan,nan,nan,nan,1.539813179487007355e+00,nan,nan,nan,nan,nan,1.681795036411967814e+00,1.701101750022480985e+00,nan,1.736851695718409472e+00,nan,nan,1.785386256118315584e+00,nan,nan,1.831575153828071567e+00,nan,1.863262126858551193e+00,nan,nan,1.915252712880688213e+00,nan,nan,1.975706657685791123e+00,1.998199569165715950e+00,nan,nan,nan,2.101341586355382596e+00,2.130514509770352838e+00,nan,2.192859880051272636e+00,nan,nan,nan,2.332454349277549799e+00,2.370148390781550152e+00,2.408837729895293212e+00,nan,nan,nan,2.572266739541459568e+00,nan,nan,nan,nan,nan,2.836924408268145292e+00,nan,2.928749658256516231e+00,2.975160955911907656e+00,nan,nan,nan,3.163440469413869582e+00,nan,3.258827013653578852e+00,3.306763801285743209e+00,nan,nan,nan,nan,nan,nan,nan,3.694346142145524592e+00,nan,nan,nan,3.889920908739907368e+00,nan,nan,nan,nan,nan,4.184511845854521184e+00,nan,nan,nan,4.381436274004648190e+00,nan,nan,nan,nan,4.627971317012047336e+00,nan,nan,nan,4.825407768734210734e+00,nan,nan
nan,nan,nan,-1.117885967030780803e+00,nan,-1.112285126172719130e+00,-1.107223559461880891e+00,nan,nan,nan,nan,nan,nan,-1.066162453680603805e+00,nan,nan,nan,nan,nan,nan,nan,-1.024989097885399270e+00,nan,-1.016549692748456080e+00,nan,nan,nan,nan,nan,nan,nan,nan,-9.933119885538032046e-01,-9.927097080002199592e-01,nan,nan,nan,nan,nan,nan,nan,nan,nan,nan,-1.028189662406073124e+00,nan,-1.045646364886055002e+00,nan,nan,nan,nan,nan,-1.125809792481928806e+00,nan,nan,nan,nan,nan,nan,-1.280775145295155237e+00,nan,nan,nan,nan,-1.433335719229432925e+00,nan,-1.502930975874724906e+00,nan,-1.576554783126510761e+00,nan,nan,nan,nan,nan,nan,nan,-1.896398847886864303e+00,nan,nan,nan,-2.060487035390860644e+00,nan,nan,nan,nan,nan,nan,nan,nan,nan,nan,nan,nan,nan,nan,nan,nan,nan,nan,nan,nan,nan,-2.701457430187347075e+00,nan,nan,nan,nan,-2.744298514436668057e+00,nan,nan,nan,nan,nan,nan,nan,nan,nan,nan,nan,-2.692752134717838253e+00,nan,-2.664080495905153612e+00,nan,nan,nan,nan,nan,-2.543443275859166519e+00,-2.518224669325081155e+00,nan,nan,-2.433803659334278890e+00,nan,nan,nan,nan,-2.264924786508846211e+00,nan,nan,nan,-2.107297890770284621e+00,nan,nan,nan,nan,nan,-1.843485632580086353e+00,nan,nan,nan,nan,nan,nan,-1.514494745484030069e+00,-1.466906273458134180e+00,nan,nan,nan,nan,nan,-1.183806795954861490e+00,nan,nan,nan,nan,-9.579198060016025362e-01,nan,nan,nan,nan,-7.504817486512190827e-01,nan,-6.744527447735751968e-01,nan,-6.029131166157254418e-01,nan,nan,nan,nan,-4.445234412268634916e-01,nan,nan,nan,-3.383235119020883697e-01,nan,nan,nan,nan,nan,-2.088532222679213846e-01,-1.902523768585677177e-01,-1.723928461056843109e-01,nan,nan,nan,nan,-9.284820323620457394e-02,nan,nan,nan,nan,-2.632864088812319689e-02,nan,nan,nan,nan,3.083573712561134966e-02,nan,nan,nan,7.172102322247211892e-02,nan,9.093127632160072360e-02,1.002778808822042816e-01,nan,nan,nan,nan,nan,nan,nan,nan,nan,1.867877566675388845e-01,nan,nan,nan,2.189481105073455280e-01,nan,nan,nan
nan,-6.285686536001614755e+00,-6.237326039228780594e+00,nan,nan,-6.090938129204845453e+00,nan,nan,nan,-5.892731133459198745e+00,nan,nan,nan,nan,nan,nan,nan,nan,nan,nan,nan,nan,nan,nan,nan,nan,nan,nan,nan,nan,nan,-4.797315968383920826e+00,nan,nan,nan,nan,nan,nan,nan,nan,-4.347654530449656995e+00,nan,nan,nan,nan,-4.099748715642010488e+00,nan,nan,nan,nan,-3.856642391044673879e+00,nan,nan,-3.715129615267977581e+00,nan,nan,nan,nan,nan,nan,-3.407257207149988254e+00,nan,nan,-3.288570769702191310e+00,nan,-3.214658784897239219e+00,-3.179291008830539056e+00,-3.144960654088400975e+00,nan,nan,nan,nan,nan,nan,nan,-2.900185346847530266e+00,nan,nan,nan,nan,nan,nan,nan,nan,nan,nan,nan,nan,nan,nan,nan,-2.384663951386176706e+00,nan,nan,nan,nan,nan,nan,nan,-2.036453955151211748e+00,-1.989369062810493860e+00,nan,nan,nan,nan,-1.746760461662693276e+00,nan,nan,nan,nan,nan,nan,nan,-1.347924304916841010e+00,nan,-1.248609857288192293e+00,nan,nan,-1.101305016574434914e+00,nan,nan,nan,nan,nan,-8.170481185060377571e-01,nan,nan,nan,nan,nan,nan,nan,nan,nan,nan,nan,nan,-2.990237616619102479e-01,nan,nan,-2.090398074503644343e-01,nan,-1.562734458805176418e-01,nan,nan,nan,-6.705795052540410028e-02,nan,nan,nan,nan,nan,nan,nan,nan,nan,nan,1.144091399211795423e-01,1.310000508054865731e-01,nan,nan,1.854637206883296696e-01,nan,nan,nan,2.731221269817900033e-01,nan,3.246745294043957286e-01,nan,nan,nan,nan,nan,nan,nan,nan,nan,nan,nan,nan,nan,nan,nan,9.094685998902591884e-01,nan,nan,nan,1.088071421330773836e+00,nan,nan,nan,nan,nan,1.367173633454242587e+00,nan,1.462193907862469056e+00,nan,nan,1.605988937873960243e+00,1.654194599708396440e+00,nan,nan,1.799458880451444198e+00,nan,nan,nan,1.994306282182533030e+00,nan,2.092098696167709271e+00,2.141067921802536578e+00,2.190079942316738748e+00,2.239130884943818067e+00,2.288217255125050364e+00,2.337335897036118215e+00,nan,nan,nan,nan,nan,2.632583287067278732e+00,nan,nan,2.780463427008674770e+00,nan,nan,nan,nan,nan,nan,3.125935523621962808e+00,nan
nan,-6.675113977524481657e-01,nan,nan,nan,nan,nan,-6.090783064009026582e-01,-6.026162296541111019e-01,nan,nan,-5.841795732312502487e-01,nan,-5.724855806094989452e-01,nan,nan,nan,-5.506124693287027805e-01,nan,-5.405833223144462796e-01,nan,nan,nan,nan,-5.189927337678126307e-01,nan,nan,nan,-5.064362384337128820e-01,-5.041278252971118645e-01,nan,nan,nan,nan,nan,nan,-5.003815916339419134e-01,nan,nan,-5.073250341005991482e-01,nan,nan,nan,nan,-5.344901517659113033e-01,nan,nan,nan,nan,nan,nan,nan,-6.321102818417163594e-01,nan,-6.692744767760684388e-01,nan,nan,nan,-7.606465835298342748e-01,nan,nan,nan,-8.746963007397080547e-01,-9.065496386157263498e-01,nan,nan,nan,nan,nan,nan,nan,nan,nan,nan,-1.320505856236810827e+00,nan,nan,nan,nan,nan,nan,-1.607161548824893371e+00,-1.647071600176571948e+00,nan,nan,nan,nan,nan,-1.870957182933200125e+00,-1.904728028102985027e+00,nan,-1.968397991690660875e+00,nan,nan,-2.053122982858643031e+00,nan,nan,nan,nan,nan,-2.179147612137935397e+00,nan,nan,nan,nan,-2.238282277807912557e+00,-2.245229030243573121e+00,nan,nan,-2.256700710525820330e+00,-2.257476687536922988e+00,nan,nan,-2.250937562407535175e+00,-2.245853890971991618e+00,nan,-2.231395990707869537e+00,nan,-2.211252861440790696e+00,-2.199052624077625140e+00,nan,nan,nan,nan,nan,nan,nan,nan,nan,nan,nan,nan,nan,-1.876645014228259356e+00,nan,nan,nan,nan,nan,nan,nan,nan,nan,nan,nan,nan,nan,nan,nan,nan,nan,-1.115823451215839146e+00,-1.068352399919250573e+00,nan,nan,nan,nan,nan,-7.836277536881856021e-01,nan,nan,nan,nan,-5.528607859373754208e-01,-5.082057869657455873e-01,nan,nan,nan,nan,nan,nan,-2.182225052525676168e-01,nan,-1.444083756463597212e-01,nan,nan,nan,nan,nan,nan,7.737406180684774926e-02,nan,nan,nan,nan,nan,2.241856945012188074e-01,nan,nan,nan,nan,nan,nan,nan,nan,nan,nan,4.150662429124373776e-01,nan,nan,nan,4.673708697520904676e-01,nan,nan,nan,nan,nan,nan,nan,nan,nan,5.751161528421523395e-01,5.846307869618144748e-01,nan,nan,nan,6.211257053768290959e-01,nan,nan,nan,6.556151934264777825e-01,nan,nan,nan,nan,6.966929409515947302e-01,7.046992892304403400e-01,nan,7.205422392820807209e-01,nan,nan
nan,nan,-6.108701481921237075e+00,nan,nan,nan,nan,-5.863562665674295182e+00,-5.813988794980943453e+00,nan,nan,nan,nan,nan,nan,nan,nan,nan,nan,nan,nan,nan,nan,-5.068314579752716931e+00,nan,nan,-4.918702050377825152e+00,nan,nan,nan,nan,nan,nan,nan,-4.518991600515489537e+00,nan,nan,nan,nan,nan,nan,nan,-4.119812369601730140e+00,nan,nan,nan,nan,nan,-3.824691272802562825e+00,nan,-3.728302755514926403e+00,nan,nan,nan,-3.540655432198093866e+00,nan,nan,nan,nan,-3.320450403441360443e+00,nan,nan,-3.198771565749635837e+00,nan,nan,nan,nan,nan,nan,nan,-2.919422004952830108e+00,nan,nan,nan,nan,-2.771845711317782790e+00,nan,nan,nan,nan,nan,nan,nan,-2.538657125970330330e+00,nan,nan,-2.440717952357537524e+00,nan,nan,nan,nan,nan,nan,nan,nan,nan,nan,nan,nan,nan,nan,nan,nan,nan,nan,nan,nan,nan,nan,nan,nan,nan,nan,nan,nan,nan,nan,nan,nan,nan,nan,nan,-7.814814766200333107e-01,nan,nan,nan,-5.984930471204963354e-01,nan,nan,nan,nan,nan,nan,-3.101436066403091552e-01,nan,-2.377559128487976292e-01,nan,nan,nan,nan,nan,nan,nan,-3.668899455092151235e-03,nan,nan,6.128168500434383326e-02,nan,nan,1.163383443107856990e-01,nan,nan,nan,nan,nan,nan,nan,nan,nan,nan,nan,nan,nan,3.551933062781675865e-01,nan,4.014617625115379784e-01,4.265623179593344694e-01,4.530141649341437038e-01,nan,nan,nan,nan,nan,nan,nan,nan,nan,nan,nan,nan,nan,nan,nan,nan,1.081721300352373127e+00,1.126156795104465314e+00,nan,nan,nan,nan,nan,1.401349180080348145e+00,nan,nan,nan,nan,nan,nan,nan,nan,nan,nan,nan,nan,nan,nan,nan,nan,2.220438331697457190e+00,nan,nan,nan,nan,nan,nan,2.563998494446899201e+00,nan,nan,2.711661943774379413e+00,nan,2.810201040615716739e+00,nan,nan,nan,nan,nan,nan,nan,nan,3.254275159151711172e+00,nan
8.278402481492608267e-02,nan,nan,nan,nan,nan,nan,2.485137482062519942e-01,nan,nan,nan,nan,nan,2.852121828325860364e-01,nan,nan,nan,nan,nan,nan,nan,nan,nan,nan,nan,nan,nan,nan,nan,nan,3.554977898867534569e-01,nan,nan,3.586896395699545881e-01,nan,nan,nan,nan,nan,3.503748028981120144e-01,nan,nan,nan,nan,nan,nan,nan,nan,nan,nan,nan,nan,nan,2.077023808243976810e-01,nan,nan,1.456132437353045705e-01,nan,nan,nan,nan,nan,nan,nan,nan,nan,-1.515316282354487731e-01,nan,nan,-2.632567535144146875e-01,nan,nan,nan,nan,-4.628060192377471127e-01,nan,nan,nan,nan,-6.683529212409651254e-01,-7.090876877515843724e-01,-7.494617118258298794e-01,nan,-8.287136386977425051e-01,nan,nan,nan,nan,nan,nan,nan,-1.110698154691597717e+00,nan,nan,nan,-1.220557522984573318e+00,nan,nan,nan,nan,nan,nan,-1.350058082548070360e+00,nan,-1.372035983211456367e+00,nan,-1.387529193244509740e+00,nan,nan,nan,nan,nan,nan,nan,nan,nan,nan,-1.364333948374127248e+00,nan,-1.341352787078561537e+00,-1.327730402228623152e+00,nan,nan,nan,nan,nan,nan,-1.192043928219889359e+00,nan,nan,nan,nan,-1.051379291273401240e+00,nan,nan,nan,-9.135254388695690508e-01,-8.758291094672727706e-01,nan,nan,nan,nan,nan,-6.272525285711154641e-01,nan,nan,nan,nan,nan,nan,nan,nan,-2.106525629201864980e-01,-1.630953978447529651e-01,nan,nan,nan,nan,nan,nan,nan,nan,nan,nan,nan,nan,nan,nan,nan,5.613093881689474873e-01,nan,nan,nan,nan,7.484862310235517180e-01,nan,nan,8.470363963382895323e-01,nan,9.068759064124137792e-01,nan,9.621538169251205863e-01,nan,1.013075835737188957e+00,nan,nan,nan,nan,nan,nan,nan,nan,nan,nan,nan,nan,nan,nan,nan,nan,nan,nan,nan,nan,nan,nan,nan,nan,nan,nan,nan,nan,nan,nan,nan,nan,nan,nan,nan,nan,nan,nan,1.529977377689189622e+00,nan,nan,nan,nan,nan,nan,nan,nan
-3.755026259803483146e+00,nan,nan,nan,-3.565198572931013832e+00,nan,nan,nan,nan,-3.316409711096406365e+00,nan,nan,nan,nan,nan,nan,-2.968711835717915193e+00,nan,nan,-2.819493028039181670e+00,nan,nan,nan,nan,-2.570432020431122844e+00,nan,nan,nan,-2.370831372427018913e+00,nan,-2.270921788489349336e+00,nan,nan,-2.120959922432702704e+00,-2.070960015596338799e+00,-2.020961993011719304e+00,nan,-1.920999403265883920e+00,nan,-1.821142552088165889e+00,-1.771283310001734668e+00,nan,-1.671780784683606580e+00,nan,nan,-1.523377495194178533e+00,nan,nan,-1.376659687884483896e+00,nan,-1.280271170596848807e+00,nan,nan,nan,nan,nan,nan,nan,nan,nan,nan,nan,nan,-7.121995492543666817e-01,nan,nan,nan,nan,nan,nan,-4.713904200347532325e-01,-4.406981950923891667e-01,-4.107101933391885118e-01,nan,nan,nan,nan,nan,nan,nan,-1.810978247432306065e-01,nan,-1.214835518525366614e-01,nan,nan,nan,nan,nan,nan,1.146158083667599692e-01,1.526061710388327830e-01,nan,nan,nan,nan,nan,nan,4.477259804641000596e-01,nan,nan,nan,nan,6.828061404644453214e-01,nan,nan,nan,nan,nan,nan,nan,nan,1.128627405535914008e+00,nan,nan,nan,1.327761363159631891e+00,nan,nan,nan,nan,nan,nan,1.666550108298043176e+00,nan,nan,nan,nan,nan,nan,1.978995587796391620e+00,nan,nan,nan,2.137887978277767331e+00,nan,nan,nan,2.277347458785914380e+00,nan,nan,nan,nan,nan,2.444362685462984519e+00,2.467274179977431370e+00,2.488897196767537512e+00,nan,2.528619983532933713e+00,nan,nan,nan,nan,nan,nan,nan,nan,nan,nan,nan,nan,nan,nan,nan,nan,2.825717802676169121e+00,2.849493347429614687e+00,nan,nan,nan,nan,nan,nan,nan,nan,nan,nan,nan,3.236355963405746383e+00,nan,nan,nan,nan,nan,nan,nan,3.574188380022541800e+00,nan,nan,nan,nan,nan,nan,nan,nan,3.990958702924322754e+00,nan,nan,nan,nan,nan,nan,nan,nan,nan,4.473114283356506959e+00,nan,nan,nan,nan,nan,nan,nan,4.864588475572872994e+00,nan,nan,nan,nan,nan,nan,nan,5.258232625533790561e+00,5.307526442477110251e+00,nan,5.406156046350524491e+00,nan,nan,nan,nan,nan,nan,nan
nan,nan,nan,nan,nan,nan,nan,nan,nan,-4.530576228928016036e-01,-4.471193063161821857e-01,nan,nan,nan,nan,nan,nan,nan,-4.026474154675488415e-01,nan,nan,nan,nan,nan,nan,nan,nan,-3.662367237747200521e-01,nan,nan,nan,nan,-3.567482969515901603e-01,nan,nan,-3.564941721395014085e-01,nan,nan,nan,-3.644608531696956755e-01,nan,-3.727524933350117031e-01,nan,nan,nan,nan,-4.090826733165823792e-01,nan,nan,nan,nan,nan,-4.892461009124585702e-01,nan,-5.264102958468108717e-01,nan,nan,nan,-6.177824026005767077e-01,-6.442114537256848905e-01,nan,nan,nan,nan,nan,nan,nan,nan,nan,nan,-1.016927442817163740e+00,nan,-1.096407786883131452e+00,-1.136855194436748206e+00,nan,nan,nan,-1.301043995916079776e+00,nan,-1.383188577310771050e+00,-1.423923343821390297e+00,nan,nan,nan,-1.582218238268013000e+00,nan,nan,nan,nan,nan,nan,nan,nan,nan,nan,nan,nan,nan,nan,nan,nan,nan,nan,nan,-2.086871639281261626e+00,nan,-2.102364849314314554e+00,nan,nan,nan,nan,nan,nan,nan,nan,nan,nan,nan,nan,-2.056188443148366574e+00,nan,nan,nan,nan,nan,nan,nan,nan,nan,nan,nan,-1.797239967764806989e+00,nan,nan,nan,nan,-1.628361094939373865e+00,nan,nan,nan,nan,-1.428715169956631170e+00,nan,nan,-1.297646499039286416e+00,nan,nan,nan,-1.114273023532933893e+00,nan,nan,nan,-9.254882189899913403e-01,nan,nan,-7.827767296902289340e-01,nan,nan,nan,nan,nan,nan,nan,nan,nan,-3.213561144321301355e-01,nan,nan,nan,nan,nan,nan,nan,nan,3.365057495374704222e-02,6.767787400930683206e-02,nan,nan,1.627005441404703323e-01,nan,nan,nan,nan,nan,3.221492308456683773e-01,nan,3.670498754304778455e-01,nan,nan,nan,nan,nan,nan,nan,nan,nan,nan,nan,nan,nan,nan,nan,nan,6.340492233464704031e-01,nan,6.565699026212831191e-01,6.673994286950842847e-01,nan,nan,nan,nan,7.179803337714115719e-01,nan,nan,nan,nan,nan,nan,nan,nan,nan,8.068531197040568204e-01,nan,nan,nan,nan,8.475634701596995724e-01,nan,nan,nan,nan
nan,nan,nan,nan,nan,-5.805216963182939338e+00,-5.756084266186055842e+00,nan,nan,nan,nan,nan,nan,nan,nan,nan,nan,nan,nan,nan,nan,-5.018254799324630255e+00,nan,nan,nan,nan,nan,nan,nan,nan,nan,-4.531381492004772582e+00,nan,nan,-4.387160919041972029e+00,nan,nan,nan,nan,nan,-4.103494861306161035e+00,-4.057083563650849989e+00,-4.010993435895901627e+00,nan,nan,nan,nan,nan,-3.743315044434517347e+00,nan,nan,-3.617278665163540463e+00,-3.576791856941945902e+00,-3.537171635289733995e+00,nan,nan,nan,-3.388637803389231262e+00,nan,nan,nan,nan,nan,nan,nan,-3.150309019313602743e+00,nan,nan,nan,nan,nan,nan,nan,-2.991596032252992199e+00,nan,nan,nan,nan,nan,nan,nan,nan,nan,nan,nan,nan,nan,-2.745178357346971687e+00,nan,nan,-2.668147084881447917e+00,nan,nan,nan,nan,nan,nan,-2.438703650161755832e+00,-2.400650683836284216e+00,nan,nan,nan,nan,nan,nan,nan,nan,nan,nan,nan,nan,nan,nan,nan,nan,nan,nan,-1.529262587414970787e+00,nan,nan,nan,-1.329454189387624385e+00,-1.279506445779028390e+00,nan,nan,-1.130426430669118298e+00,nan,nan,nan,nan,nan,nan,-7.942844271811043688e-01,nan,nan,nan,nan,nan,-5.327136700445783690e-01,nan,nan,-4.154314802507478310e-01,nan,-3.427996998372536686e-01,nan,nan,nan,nan,nan,nan,nan,nan,nan,nan,nan,nan,5.157885199112993702e-02,nan,nan,nan,1.705747481507657315e-01,nan,2.344455427622560428e-01,nan,nan,nan,nan,nan,4.499243089475715163e-01,4.894970638678465824e-01,nan,5.716031466392963445e-01,nan,nan,7.014499053521627836e-01,nan,nan,nan,nan,9.318231021662457536e-01,nan,nan,1.075844016000498282e+00,nan,nan,nan,nan,nan,1.370965112799650054e+00,1.420674409614291367e+00,nan,nan,1.570236665469001869e+00,nan,nan,nan,nan,nan,nan,nan,1.970106116598007162e+00,2.020069016620392954e+00,nan,nan,nan,2.219745476605679890e+00,nan,nan,2.369298539354316446e+00,nan,2.468903042711389162e+00,nan,nan,nan,nan,nan,nan,nan,nan,nan,nan,nan,nan,nan,nan,nan,nan,nan,nan,nan,nan
nan,nan,nan,nan,8.692276857936653833e-01,nan,nan,nan,nan,nan,9.230016320228885407e-01,9.315118680619264291e-01,nan,9.487834364892379080e-01,nan,nan,nan,nan,nan,1.003592706140847612e+00,nan,nan,nan,nan,nan,nan,nan,1.087524064172652460e+00,nan,nan,nan,nan,1.149913552037720610e+00,1.163642865170439356e+00,nan,nan,nan,nan,1.240244126799078250e+00,nan,nan,nan,nan,nan,nan,1.376500559207201047e+00,nan,1.423333109379693706e+00,nan,1.474255128191766406e+00,nan,nan,nan,nan,nan,nan,nan,nan,nan,nan,1.835491346128830470e+00,nan,nan,nan,nan,nan,nan,nan,2.176820563528800712e+00,2.222593411006388298e+00,nan,nan,nan,nan,nan,nan,nan,nan,nan,nan,nan,nan,nan,nan,nan,nan,nan,nan,3.107378908416322805e+00,3.150288459003714792e+00,3.192307488247895453e+00,nan,nan,nan,nan,nan,nan,nan,nan,nan,3.548406086173252039e+00,3.576550053555767494e+00,nan,3.628452873336776907e+00,3.652204262676903568e+00,nan,nan,nan,nan,nan,3.764139347345510700e+00,nan,nan,nan,3.810105098825693482e+00,3.818046671113975776e+00,nan,nan,nan,nan,nan,nan,nan,3.829308111914280222e+00,nan,nan,nan,nan,nan,3.772998187477988541e+00,nan,nan,nan,nan,nan,nan,3.631832090976467864e+00,nan,nan,nan,nan,nan,nan,3.414720273100363634e+00,nan,nan,nan,3.265122583814630719e+00,nan,3.185870656942718426e+00,3.145496632868472808e+00,3.104761866357853783e+00,nan,nan,nan,2.940241308088235250e+00,nan,nan,nan,nan,nan,nan,nan,2.624292007206849409e+00,nan,nan,nan,nan,nan,nan,nan,2.365784742772768290e+00,nan,nan,nan,nan,nan,2.228706564292492143e+00,nan,2.194291776820670670e+00,nan,2.165167800836507617e+00,nan,nan,nan,nan,nan,2.105984044620608842e+00,nan,nan,nan,nan,nan,nan,2.079090699749475579e+00,2.078067461202865562e+00,2.077622784224357755e+00,nan,nan,nan,nan,nan,2.085145346041795911e+00,nan,2.090806195396159861e+00,2.094110701265292640e+00,2.097701835182612218e+00,nan,2.105664185246193920e+00,nan,nan,nan,nan,nan,nan,nan,nan,nan,nan,nan,nan,nan,2.181095404807614990e+00,nan,nan,2.200050837729969899e+00,2.206502103949169236e+00,nan,nan,nan,nan
nan,-4.726147537548174071e+00,-4.676148155214031377e+00,nan,nan,-4.527037972055285131e+00,nan,nan,-4.378180334332968826e+00,nan,nan,nan,nan,nan,nan,nan,nan,nan,-3.881428034025831586e+00,nan,nan,nan,nan,nan,nan,-3.532739748733846774e+00,nan,-3.432938917454416483e+00,nan,nan,nan,nan,nan,nan,-3.083138615773381552e+00,-3.033140593188650147e+00,nan,nan,nan,nan,nan,nan,nan,-2.634354629892702970e+00,nan,nan,nan,-2.437500732575773377e+00,nan,-2.340472973784183175e+00,nan,nan,nan,-2.150936994996575979e+00,nan,nan,nan,-1.970343110648863139e+00,nan,nan,nan,nan,nan,nan,nan,nan,-1.615098388559136788e+00,nan,nan,nan,nan,nan,nan,nan,nan,nan,-1.307615503165809434e+00,-1.279298873088595467e+00,nan,nan,nan,nan,nan,nan,nan,nan,-1.004864967615882732e+00,nan,nan,nan,nan,nan,nan,nan,nan,-6.535485588197269546e-01,-6.094210563633980504e-01,-5.644526197123221900e-01,nan,nan,-4.251764425390919810e-01,-3.775242026089673519e-01,nan,nan,nan,nan,-1.330527666099925177e-01,-8.334196915067439149e-02,-3.348782628138162465e-02,1.645991732721445444e-02,nan,nan,1.664010444580820147e-01,nan,nan,nan,3.649480486563420056e-01,nan,nan,nan,nan,nan,6.543715081216203711e-01,nan,nan,nan,8.373599376211573464e-01,nan,nan,9.668169876199688151e-01,nan,nan,nan,nan,1.162542380453761126e+00,nan,nan,nan,1.296604903967639721e+00,nan,nan,nan,1.407919174390883654e+00,nan,nan,nan,nan,nan,nan,nan,nan,nan,nan,1.616163377913489407e+00,nan,nan,1.662560454436198709e+00,nan,nan,nan,nan,nan,nan,nan,nan,nan,nan,nan,nan,nan,nan,nan,2.041306215452941775e+00,nan,nan,nan,nan,nan,2.263797584881535485e+00,nan,nan,nan,nan,nan,nan,2.562009779846118551e+00,nan,nan,nan,nan,nan,nan,nan,nan,nan,3.026386528133869547e+00,nan,nan,nan,nan,nan,nan,nan,nan,nan,nan,nan,nan,3.656291316439109984e+00,nan,nan,3.803323505215218781e+00,nan,3.901528517307518928e+00,nan,nan,4.049050882852308852e+00,nan,4.147514928516031318e+00,nan,nan,4.295347842300689223e+00,nan,nan,nan,4.492655566545734835e+00,nan,nan,nan,nan,4.739516176284307214e+00
-1.126008290903512954e-02,nan,1.413931620617364313e-02,nan,nan,3.040919447473862391e-02,nan,nan,nan,nan,nan,nan,7.294301664903320159e-02,nan,nan,8.992399466313394374e-02,nan,nan,nan,nan,nan,nan,nan,1.283458762446946788e-01,nan,nan,nan,nan,nan,nan,nan,nan,nan,nan,1.522823999242907678e-01,nan,nan,1.491733954564818110e-01,nan,nan,nan,nan,nan,nan,nan,nan,nan,nan,nan,nan,5.081718314572893774e-02,nan,nan,nan,nan,nan,nan,nan,-1.094505075026118157e-01,nan,nan,nan,nan,nan,-2.884401325619977419e-01,nan,nan,nan,nan,nan,-5.085955477191986818e-01,nan,nan,-6.285232993387831479e-01,nan,nan,nan,nan,nan,-8.748566822128061027e-01,nan,-9.559654727976708566e-01,nan,nan,nan,-1.111777705707496233e+00,nan,nan,nan,nan,-1.286039371906385620e+00,nan,nan,nan,nan,nan,nan,nan,nan,-1.511128548466925681e+00,nan,-1.543093003332941304e+00,nan,-1.568371651566707436e+00,nan,nan,nan,nan,nan,nan,nan,nan,nan,nan,nan,nan,nan,-1.570837709345968003e+00,-1.560056785413567848e+00,nan,-1.534234163200463907e+00,-1.519184909237717873e+00,nan,nan,nan,nan,nan,nan,nan,nan,nan,nan,nan,-1.225448938201036064e+00,nan,nan,-1.120029199841409806e+00,nan,nan,nan,nan,-9.203832748586669998e-01,nan,nan,nan,nan,nan,nan,-6.059411284349698334e-01,nan,nan,nan,nan,nan,nan,nan,nan,nan,nan,-8.551461682470047621e-02,nan,7.311773138659348470e-03,nan,nan,nan,nan,nan,2.726487790579982806e-01,nan,nan,3.944138380162172108e-01,nan,nan,nan,5.419824700517108518e-01,nan,nan,nan,nan,nan,nan,nan,nan,nan,nan,8.534046249378256510e-01,8.753817705284416828e-01,8.964529791511622880e-01,9.166593789863123343e-01,nan,nan,nan,9.896610573444573067e-01,nan,nan,1.037314418952805850e+00,nan,nan,nan,nan,nan,nan,nan,nan,nan,nan,nan,nan,nan,nan,nan,nan,nan,nan,nan,nan,1.272321781404051722e+00,nan,nan,nan,nan,nan,nan,nan,nan,nan,nan,nan,nan,nan,1.387382070227904940e+00
nan,nan,nan,nan,nan,nan,nan,nan,nan,nan,-4.332278466805417061e+00,nan,-4.233738885431928445e+00,nan,nan,nan,nan,nan,nan,nan,nan,nan,nan,-3.693592955213206075e+00,nan,nan,nan,nan,nan,nan,nan,nan,nan,nan,nan,-3.112610302318524980e+00,-3.065003876932549609e+00,nan,nan,nan,nan,nan,nan,nan,nan,nan,nan,nan,nan,nan,nan,nan,nan,nan,nan,nan,nan,nan,nan,nan,nan,nan,nan,nan,nan,nan,nan,nan,-1.856000911197063008e+00,nan,-1.816816120399371126e+00,nan,nan,-1.764825534377233884e+00,nan,nan,nan,-1.702387152098142620e+00,nan,nan,nan,nan,nan,nan,nan,nan,nan,nan,-1.494142948575537089e+00,-1.468476424299974603e+00,nan,nan,nan,nan,-1.318544699075360649e+00,nan,-1.248766154638414339e+00,nan,nan,nan,nan,nan,nan,nan,nan,nan,nan,nan,nan,-6.933900519163416210e-01,nan,-5.976000797438308920e-01,nan,nan,-4.511718228409948850e-01,nan,-3.522329810142910689e-01,-3.024920895392134712e-01,nan,nan,nan,nan,nan,nan,nan,9.634406720663879486e-02,nan,nan,nan,nan,nan,nan,nan,nan,nan,nan,nan,nan,nan,7.342475569301217808e-01,nan,nan,8.482108227953347734e-01,nan,nan,9.522603993021750979e-01,9.848831619849350849e-01,nan,nan,nan,nan,nan,nan,nan,nan,nan,nan,nan,nan,nan,1.397345246026523213e+00,nan,nan,nan,1.528874614374484686e+00,nan,nan,nan,nan,nan,1.756840812693933884e+00,nan,nan,nan,nan,1.973060649548942891e+00,nan,nan,nan,nan,2.206225996588619509e+00,2.254249199599530851e+00,nan,nan,nan,nan,nan,nan,nan,2.647444907490048571e+00,nan,nan,nan,nan,nan,nan,nan,nan,nan,nan,nan,nan,nan,3.346715143255611480e+00,nan,nan,3.496386845309885860e+00,nan,nan,3.645880796346023800e+00,nan,nan,nan,nan,3.894666361851086389e+00,3.944373509450953996e+00,nan,4.043743770045954200e+00,nan,4.143060346390061710e+00,4.192700341620849258e+00,nan,nan,nan,4.391154414405752604e+00,nan,nan,4.539901143227362823e+00,nan,nan,4.688583696011361823e+00
4.566897591832840275e-01,nan,4.578916099441607823e-01,nan,nan,nan,nan,nan,nan,nan,nan,nan,nan,nan,nan,5.651894110179526143e-01,nan,nan,5.927724924768932313e-01,6.022871173577346582e-01,nan,nan,nan,nan,nan,nan,6.748073769806225419e-01,nan,6.979520866909774135e-01,nan,nan,7.353331361140280631e-01,7.486077045472910863e-01,7.623370176492414441e-01,nan,nan,nan,8.224420266335801255e-01,8.389382792442845460e-01,nan,nan,nan,nan,nan,nan,nan,nan,nan,nan,nan,1.100029198754672866e+00,nan,nan,nan,1.219739008352370702e+00,nan,nan,1.321811636207881335e+00,nan,nan,nan,1.473793709391637341e+00,nan,nan,1.598380497332980710e+00,nan,nan,nan,nan,nan,nan,nan,1.961031014249706494e+00,nan,nan,nan,nan,nan,2.245755660480770910e+00,nan,nan,nan,nan,nan,nan,nan,2.617913940530065986e+00,nan,nan,nan,nan,nan,2.872050655461073632e+00,nan,nan,nan,nan,nan,nan,nan,nan,nan,nan,3.227147025780472855e+00,3.250898415120599516e+00,nan,nan,nan,3.331301945506618623e+00,nan,nan,3.376455884639145033e+00,nan,nan,nan,nan,3.423257151533511955e+00,3.428340822969055068e+00,nan,nan,nan,nan,nan,nan,3.422632290805093458e+00,nan,nan,nan,nan,nan,nan,nan,nan,nan,nan,nan,nan,nan,3.175545248192461312e+00,nan,3.114638708495129027e+00,nan,nan,nan,nan,nan,2.902485679758791459e+00,nan,nan,nan,nan,2.703456018801549732e+00,nan,2.621311437406858236e+00,nan,nan,nan,nan,nan,nan,2.337194884307941756e+00,nan,2.260258533047818652e+00,nan,nan,nan,2.117039469150741482e+00,nan,nan,2.021538195690055773e+00,nan,nan,nan,nan,nan,1.867368544870563918e+00,nan,1.827400716736187203e+00,nan,nan,nan,nan,1.751181402230911788e+00,nan,nan,nan,nan,1.704678197064303680e+00,nan,nan,1.688477425035893154e+00,nan,nan,1.679425941132837607e+00,nan,nan,nan,nan,nan,1.678090243678520999e+00,1.679605307482462173e+00,nan,nan,nan,nan,nan,nan,nan,nan,nan,nan,nan,nan,1.728015120463563425e+00,nan,nan,nan,nan,nan,1.761551076233783819e+00,nan,nan,nan,nan,nan,1.798744990173665848e+00,nan,1.811705796085361531e+00,nan,nan,nan
-5.838159039362619929e+00,nan,nan,nan,nan,nan,nan,nan,-5.458465278868520620e+00,nan,-5.359233854551198384e+00,nan,nan,nan,nan,nan,nan,nan,nan,nan,nan,nan,nan,nan,nan,nan,-4.563164179549819011e+00,nan,nan,-4.413378402538829626e+00,-4.363415502520290090e+00,-4.313438461976580207e+00,nan,-4.213453636474090658e+00,nan,nan,-4.063466178320668476e+00,nan,nan,nan,nan,-3.813983795538830712e+00,nan,nan,nan,nan,nan,nan,nan,nan,-3.372764884637388771e+00,-3.325132488090772220e+00,nan,nan,nan,nan,nan,nan,nan,nan,nan,-2.882806449792373105e+00,nan,nan,nan,-2.730781278489953667e+00,nan,-2.661083147681115424e+00,nan,nan,nan,nan,nan,nan,nan,nan,nan,nan,nan,nan,nan,nan,nan,-2.183119255092792255e+00,nan,nan,nan,nan,nan,nan,nan,nan,nan,nan,-1.777087081694917581e+00,nan,nan,nan,-1.599024958743421987e+00,nan,nan,nan,-1.409687573576093422e+00,nan,-1.312147121365634383e+00,nan,nan,nan,nan,nan,nan,-9.638663085046249579e-01,nan,nan,nan,-7.647323508809071857e-01,nan,nan,nan,nan,nan,nan,nan,nan,nan,-2.877138087145473255e-01,-2.429551762429592587e-01,nan,-1.557823167104755713e-01,nan,nan,nan,nan,nan,nan,1.177819580287394474e-01,nan,nan,2.162897901035233383e-01,nan,nan,nan,nan,nan,nan,nan,nan,nan,nan,nan,4.885846279863533814e-01,nan,nan,nan,nan,nan,5.822453405720826591e-01,5.982866463284646219e-01,6.148775572127717082e-01,nan,nan,nan,nan,nan,nan,nan,nan,nan,nan,nan,nan,nan,nan,nan,nan,nan,nan,nan,nan,1.223969279239014218e+00,1.265259389737488860e+00,1.307291259011373441e+00,nan,nan,1.437259171229910315e+00,1.481694665982002501e+00,nan,nan,nan,nan,1.710185475381821307e+00,nan,nan,nan,1.898464988883784121e+00,nan,nan,nan,nan,nan,2.186392898055566469e+00,nan,nan,2.331940052660750773e+00,nan,nan,nan,nan,nan,nan,2.673957448724023855e+00,nan,nan,nan,2.870361464775239124e+00,nan,nan,3.017957558796720896e+00,3.067199814651916601e+00,nan,nan,nan,3.264340933415960322e+00,nan,nan,nan,nan,nan,nan,nan,3.659201062420191164e+00
nan,nan,nan,nan,nan,nan,nan,nan,-3.023898105483341925e-01,-2.961402913828105610e-01,nan,nan,nan,nan,nan,nan,nan,nan,nan,nan,nan,-2.311233700770101707e-01,-2.267887660930173743e-01,nan,nan,nan,nan,nan,nan,nan,-2.020357181370128485e-01,nan,nan,nan,nan,nan,nan,nan,nan,nan,nan,nan,nan,nan,nan,nan,-2.517805253463821225e-01,nan,nan,nan,nan,nan,-3.319439529422382185e-01,-3.498311272751871148e-01,nan,nan,nan,nan,nan,-4.869093057554640391e-01,nan,nan,-5.745299718402295808e-01,-6.063833097162478758e-01,nan,nan,nan,nan,-7.826889435868196188e-01,-8.207902616139998164e-01,nan,nan,nan,nan,nan,nan,nan,nan,-1.184892996139748966e+00,nan,nan,nan,nan,nan,nan,-1.462807452835239941e+00,nan,-1.535844836083059661e+00,nan,nan,nan,-1.668231662791182179e+00,-1.697975658731461612e+00,nan,nan,-1.778091031084157780e+00,nan,nan,nan,nan,nan,nan,-1.907591590647654822e+00,nan,nan,nan,nan,nan,nan,nan,nan,nan,nan,nan,-1.945687562072512922e+00,nan,nan,nan,nan,nan,nan,nan,nan,-1.835809886697996607e+00,-1.816439765356892444e+00,nan,-1.773328825659600705e+00,nan,nan,nan,nan,nan,nan,-1.576478685328779772e+00,nan,nan,nan,nan,nan,-1.354480275947215429e+00,nan,-1.271413021986410818e+00,nan,nan,-1.140344351069066064e+00,nan,nan,nan,nan,nan,nan,nan,nan,nan,nan,nan,-5.779854977580263231e-01,nan,nan,nan,nan,nan,-2.979451265114967384e-01,-2.526944570378963917e-01,nan,nan,-1.208109078719803720e-01,nan,-3.683126880154762722e-02,nan,nan,nan,1.194130947661173336e-01,1.557579532531192801e-01,1.909527229239670887e-01,nan,nan,nan,3.200026921106903233e-01,nan,nan,nan,nan,nan,nan,nan,nan,nan,nan,nan,nan,6.214729934340083028e-01,nan,nan,nan,nan,nan,nan,nan,7.422364533479317572e-01,7.550856193248485226e-01,nan,nan,7.913513713166903107e-01,nan,nan,nan,nan,nan,8.556963700992362698e-01,8.655868627621650102e-01,nan,nan,nan,9.033343715044989120e-01,nan,9.212920342763082360e-01,nan,9.387510711989434098e-01,nan,9.557815223259569226e-01,nan,9.724438695896056029e-01,nan,nan,nan,1.004865618129919369e+00,nan,1.020708568181559972e+00,1.028553460583665702e+00,nan
nan,nan,nan,-5.248750218702371129e+00,nan,nan,-5.099831910705462157e+00,nan,nan,nan,-4.901351693872562088e+00,-4.851710754668341785e+00,-4.802058324955707391e+00,nan,nan,nan,-4.603315829090378841e+00,nan,nan,nan,nan,-4.354530232994608951e+00,nan,nan,nan,nan,nan,nan,nan,nan,nan,nan,nan,nan,nan,nan,nan,nan,nan,nan,nan,-3.356094343168558591e+00,-3.306385046353921275e+00,-3.256780291386573101e+00,nan,-3.157981756864475908e+00,nan,nan,nan,nan,nan,nan,nan,nan,nan,nan,nan,nan,nan,-2.507023080193576892e+00,nan,nan,nan,nan,nan,nan,nan,nan,nan,nan,nan,-2.075302456762682102e+00,nan,nan,-1.986998785545410318e+00,nan,-1.930041164659680009e+00,nan,nan,nan,nan,nan,nan,-1.725229802722545891e+00,nan,nan,nan,nan,nan,-1.519988453303532605e+00,nan,nan,-1.402706263509701845e+00,-1.361458796608363109e+00,-1.319197629324671217e+00,-1.275974220313597307e+00,nan,nan,nan,nan,nan,nan,nan,nan,nan,nan,nan,nan,nan,nan,nan,-5.059768561343785942e-01,nan,nan,-3.564164546642319409e-01,nan,nan,nan,nan,nan,nan,nan,nan,7.862330470425149542e-02,1.247188402714938249e-01,nan,nan,nan,nan,nan,nan,nan,nan,nan,nan,nan,nan,nan,nan,7.041781890410598876e-01,nan,nan,nan,nan,nan,nan,nan,nan,nan,nan,nan,nan,nan,nan,nan,1.024489125668231360e+00,nan,1.056176098698710986e+00,nan,nan,nan,1.127230679465860863e+00,1.147351475518539665e+00,nan,nan,nan,nan,nan,nan,nan,nan,1.385773851891432651e+00,1.418880553959072088e+00,nan,nan,nan,nan,nan,1.641371923387665577e+00,nan,1.723148842107734779e+00,nan,nan,nan,nan,1.939584118352248421e+00,nan,nan,nan,nan,nan,nan,2.261740235773331165e+00,nan,nan,nan,nan,nan,nan,nan,2.644282350425811945e+00,nan,2.741225839228974781e+00,nan,nan,nan,nan,nan,3.033865654945239854e+00,nan,3.131846901094269331e+00,nan,nan,nan,nan,nan,nan,3.475847011166965927e+00,nan,nan,nan,nan,nan,nan,nan,nan,nan,3.968948924121285415e+00,4.018321740574370970e+00,nan,nan
nan,nan,nan,nan,nan,nan,nan,-6.484486468346862820e-01,nan,nan,nan,-6.240718146470956018e-01,nan,nan,-6.067433428183899302e-01,nan,-5.958012537818003773e-01,-5.905440825734519228e-01,-5.854446897308677178e-01,nan,-5.757698404399956837e-01,nan,-5.668874535366513756e-01,nan,-5.589251080136040661e-01,-5.553339749272250270e-01,nan,nan,nan,nan,nan,nan,nan,nan,-5.388460588723990030e-01,nan,nan,nan,nan,nan,-5.510065472464511505e-01,nan,nan,-5.672073192749830239e-01,nan,nan,nan,-6.022228574096494258e-01,nan,nan,nan,nan,nan,nan,nan,nan,-7.520189760359977660e-01,nan,nan,nan,nan,nan,-9.146286835119471492e-01,nan,nan,nan,nan,nan,nan,nan,nan,nan,nan,nan,nan,nan,nan,nan,nan,nan,nan,-1.647093931597132466e+00,nan,nan,nan,nan,nan,-1.875943547754777452e+00,-1.910889565705439219e+00,nan,-1.977167830705847118e+00,nan,nan,nan,nan,nan,nan,nan,nan,nan,nan,-2.234221462132403246e+00,nan,nan,-2.269668202982759286e+00,nan,nan,nan,-2.294347724966706803e+00,nan,nan,-2.296695631959538630e+00,nan,nan,nan,nan,nan,nan,-2.251185244213029790e+00,-2.238985006849864234e+00,nan,nan,nan,-2.175908598369714841e+00,nan,-2.135713515417849262e+00,-2.113427537331319161e+00,nan,nan,nan,nan,nan,nan,nan,-1.882764234804293446e+00,nan,nan,-1.773461329238575690e+00,nan,nan,nan,nan,nan,nan,nan,-1.435360414805078921e+00,nan,-1.343596375429503942e+00,nan,nan,nan,nan,-1.108284782691489445e+00,nan,nan,nan,nan,nan,nan,-7.766430756241624600e-01,nan,nan,nan,nan,nan,nan,nan,nan,nan,nan,nan,nan,nan,nan,nan,nan,nan,nan,nan,9.243686641111002050e-03,3.744167903460863395e-02,nan,9.051159668195024599e-02,nan,1.393526671441702725e-01,nan,nan,nan,nan,nan,nan,nan,2.985325985449953645e-01,nan,nan,nan,nan,nan,nan,nan,nan,nan,4.395187911181219209e-01,4.512526596449720762e-01,nan,nan,nan,nan,nan,nan,nan,nan,nan,nan,nan,nan,nan,nan,nan,6.072171692410853749e-01,nan,6.240565560025583824e-01,nan,6.405548845355135690e-01,6.486915525337626498e-01,nan,nan,nan,6.806098565098415154e-01,nan,nan
-6.238156222140252893e+00,nan,nan,nan,nan,nan,-5.884464703835245558e+00,nan,nan,nan,nan,nan,nan,nan,-5.490475030424760483e+00,nan,nan,nan,nan,nan,nan,nan,nan,nan,-4.999924532486817341e+00,nan,nan,nan,nan,nan,nan,nan,nan,-4.563529067531928440e+00,-4.515592279906345041e+00,nan,nan,nan,nan,nan,nan,nan,-4.139424796762425807e+00,nan,nan,-4.003435412773062474e+00,nan,-3.915086853088616259e+00,nan,nan,nan,nan,nan,-3.665602996156284821e+00,nan,nan,-3.552584346753073774e+00,nan,-3.482731848379903905e+00,nan,nan,nan,nan,nan,-3.303840935627949893e+00,nan,nan,nan,nan,nan,-3.172017979141680044e+00,nan,-3.136618304003850000e+00,nan,nan,-3.088340420089063176e+00,nan,nan,nan,nan,nan,nan,-2.976177067628319239e+00,nan,nan,-2.918144229518075949e+00,nan,nan,-2.849344807317845341e+00,nan,nan,nan,nan,nan,nan,nan,nan,nan,nan,-2.489871738559688907e+00,nan,-2.408242620546930723e+00,nan,nan,nan,-2.234026938076530300e+00,nan,-2.142474599125082424e+00,nan,nan,nan,-1.952801938486139255e+00,nan,nan,-1.806373681583303359e+00,nan,nan,nan,nan,-1.557874438286452667e+00,nan,nan,nan,nan,nan,nan,nan,nan,nan,nan,nan,nan,nan,nan,-8.320045765635628587e-01,-7.878770741072337325e-01,nan,nan,-6.611450309111293056e-01,-6.209543018121863600e-01,nan,nan,nan,nan,nan,-4.029414594401329874e-01,nan,nan,nan,-2.776439224499369640e-01,nan,-2.191547465133370232e-01,nan,nan,nan,nan,nan,nan,nan,nan,nan,nan,nan,nan,nan,2.090405316988759588e-01,nan,nan,nan,nan,4.016389539516257434e-01,nan,nan,nan,nan,nan,6.633768145294789420e-01,nan,nan,nan,nan,8.990473408572233760e-01,nan,9.960750996488142439e-01,nan,nan,nan,nan,nan,nan,1.342036277251275944e+00,nan,nan,nan,nan,nan,nan,nan,nan,nan,nan,1.891637655753842129e+00,1.941584339627190792e+00,nan,nan,nan,nan,nan,nan,nan,nan,nan,nan,2.489741665509081603e+00,nan,nan,nan,nan,nan,nan,2.837498482878542116e+00,nan,nan,nan,nan,nan,3.135124836500315038e+00,nan,nan,nan,nan
nan,nan,nan,nan,1.057548827122470891e+00,1.068373781412753631e+00,nan,nan,nan,nan,nan,1.120916130431746760e+00,1.129509123169874618e+00,nan,1.146990247124155982e+00,1.155905850637757304e+00,1.164953806184987117e+00,1.174145495024127017e+00,nan,nan,nan,nan,nan,nan,nan,nan,1.265528116637073097e+00,1.276938959544981600e+00,nan,nan,nan,nan,nan,nan,nan,nan,nan,nan,1.429659022561599047e+00,nan,nan,nan,nan,nan,1.543938309379617735e+00,nan,nan,1.612748005142761398e+00,nan,nan,nan,1.718947934467545346e+00,nan,1.778787444541670038e+00,nan,nan,1.877337609856408074e+00,1.912532379527256410e+00,1.948877238014258051e+00,nan,nan,2.064514452711012638e+00,nan,nan,nan,nan,nan,nan,nan,nan,nan,nan,nan,nan,nan,2.693764914500383689e+00,2.741330766698816479e+00,nan,nan,nan,nan,nan,nan,nan,nan,nan,nan,nan,nan,nan,nan,nan,nan,nan,3.539349279749527621e+00,3.575800999681259196e+00,nan,3.644769018109154324e+00,nan,nan,nan,nan,nan,nan,nan,nan,nan,nan,nan,3.938504989145835467e+00,3.953554243108581723e+00,nan,nan,3.990157789254086040e+00,nan,nan,4.013977894852887474e+00,nan,nan,nan,nan,4.024824714406714854e+00,4.022539346075361344e+00,nan,4.013353034124467200e+00,nan,nan,nan,nan,3.962413083241057787e+00,nan,nan,nan,nan,nan,nan,nan,3.794526325448696280e+00,nan,nan,nan,nan,3.639081186814094426e+00,nan,nan,nan,3.493206423078164757e+00,nan,nan,nan,nan,nan,nan,nan,nan,nan,nan,nan,nan,nan,nan,nan,2.850979276367191950e+00,nan,nan,nan,nan,nan,nan,nan,nan,nan,nan,2.503771070618308947e+00,nan,nan,nan,nan,nan,nan,nan,2.354582696599576863e+00,2.341902145550285752e+00,nan,nan,nan,nan,nan,nan,nan,nan,nan,2.272446816331825659e+00,nan,nan,nan,nan,2.267134201280799566e+00,nan,nan,2.270326050801835915e+00,nan,nan,nan,nan,nan,nan,nan,nan,nan,nan,nan,nan,nan,nan,nan,2.334936122452316187e+00,nan,2.346382515718214545e+00,nan,nan,nan,nan,nan,nan,nan,nan,nan,2.408990013078144088e+00,nan,nan
nan,-4.015459183904395601e+00,-3.968161497665168014e+00,nan,nan,nan,nan,nan,-3.670405322669215931e+00,nan,nan,nan,-3.473187913421281969e+00,nan,nan,nan,nan,-3.227195515816010385e+00,nan,nan,-3.079939348304060687e+00,-3.030927310097981220e+00,nan,nan,nan,nan,nan,nan,nan,nan,nan,-2.544053967300059949e+00,nan,nan,nan,nan,nan,nan,-2.209832644541602331e+00,nan,-2.116167336519834574e+00,nan,-2.023665911109295834e+00,nan,nan,nan,nan,nan,-1.755987519647791428e+00,nan,nan,nan,nan,nan,nan,nan,nan,nan,nan,nan,nan,nan,nan,nan,nan,nan,nan,nan,nan,nan,nan,nan,nan,nan,nan,nan,nan,nan,-9.263926367260266748e-01,nan,nan,nan,nan,nan,nan,nan,nan,nan,-7.335859216645650438e-01,nan,nan,nan,nan,nan,nan,nan,nan,nan,nan,nan,-3.338106885676375146e-01,nan,-2.501995444273223956e-01,nan,nan,nan,nan,nan,nan,nan,nan,1.629569471671407088e-01,nan,2.602695333398388211e-01,nan,nan,nan,nan,nan,nan,nan,nan,nan,7.576752218769932101e-01,nan,8.569010941176103957e-01,9.061652602278367219e-01,nan,1.003705712438295539e+00,nan,nan,nan,nan,nan,nan,nan,nan,nan,nan,1.494804583841093049e+00,nan,nan,nan,nan,nan,nan,1.745440188895906131e+00,nan,nan,nan,nan,nan,nan,nan,nan,nan,2.038906376777858132e+00,nan,nan,nan,nan,nan,nan,nan,nan,nan,2.361224352561425821e+00,nan,nan,nan,nan,nan,nan,nan,nan,nan,nan,nan,2.871961242511854362e+00,nan,nan,nan,nan,nan,nan,nan,3.259211214696593917e+00,nan,nan,nan,nan,nan,nan,nan,nan,3.707473845915042254e+00,nan,nan,3.857468147785440227e+00,nan,nan,nan,nan,nan,nan,nan,nan,nan,nan,nan,nan,nan,nan,nan,nan,nan,nan,nan,nan,nan,nan,nan,nan,nan,5.151711441316721540e+00,nan,nan,nan,nan,nan,nan
nan,nan,nan,nan,1.177275103163663017e+00,nan,nan,nan,nan,nan,nan,nan,nan,nan,1.253886598778331196e+00,1.262793815115055285e+00,nan,nan,1.290372872134415427e+00,nan,1.309582639552554717e+00,1.319473044543544527e+00,nan,nan,nan,nan,nan,1.383817947623884992e+00,1.395551815152259234e+00,nan,nan,nan,nan,nan,nan,nan,nan,nan,nan,1.553696323399980317e+00,nan,1.590156699561501297e+00,nan,nan,nan,1.672794439022942337e+00,nan,nan,nan,1.770549008007473724e+00,nan,1.825826918520179865e+00,nan,nan,nan,nan,nan,nan,nan,nan,2.131785225944534901e+00,2.171393436763645823e+00,nan,2.253550284902753997e+00,nan,nan,nan,nan,nan,nan,nan,nan,nan,2.705797908973899268e+00,2.753154814591034505e+00,2.800643898553016875e+00,nan,nan,nan,2.990826439149367744e+00,nan,nan,3.132140192395721723e+00,nan,3.224789109873401838e+00,nan,nan,nan,nan,nan,3.488601368063599661e+00,nan,nan,3.608531934399865193e+00,nan,nan,nan,nan,3.784082116205992552e+00,nan,nan,nan,nan,3.924746753152481116e+00,nan,nan,nan,nan,4.028901672878626883e+00,nan,nan,nan,nan,nan,4.106398978641397690e+00,nan,nan,nan,nan,nan,nan,nan,nan,nan,nan,4.113285265741439822e+00,nan,nan,nan,nan,nan,nan,nan,nan,nan,nan,nan,nan,nan,nan,3.812238435867134623e+00,nan,3.745960170866726724e+00,nan,3.674986889859984895e+00,nan,nan,3.561416463630332263e+00,3.522074588110098325e+00,nan,nan,3.401055746173555328e+00,nan,3.318911164778863832e+00,nan,3.236535187903936794e+00,3.195508844170336982e+00,nan,nan,nan,nan,nan,nan,nan,nan,nan,nan,nan,nan,nan,nan,nan,nan,2.610650054670941245e+00,nan,nan,nan,2.525000444108193687e+00,nan,nan,nan,nan,nan,nan,2.426949842179385364e+00,nan,nan,nan,nan,nan,nan,nan,nan,nan,nan,nan,nan,nan,nan,nan,nan,nan,nan,nan,2.387100075211861405e+00,nan,nan,2.397853191868826617e+00,2.401958065061895464e+00,nan,nan,2.415586145653424666e+00,2.420515377769699494e+00,nan,nan,nan,nan,2.447480076794833259e+00,nan,nan,nan,nan,nan,nan,nan,nan,nan,2.509305523457367126e+00,nan,2.522482385099369395e+00,nan
nan,nan,nan,nan,nan,nan,-5.866817511744301328e+00,nan,nan,nan,nan,nan,nan,nan,-5.472782352149747176e+00,nan,nan,nan,nan,nan,-5.178005249525405418e+00,-5.128993244314518307e+00,nan,nan,nan,nan,nan,nan,nan,-4.738865500235771577e+00,nan,nan,nan,-4.545836154893652115e+00,nan,nan,-4.402512823032671108e+00,-4.355098974011415436e+00,nan,nan,nan,nan,nan,nan,nan,nan,nan,-3.897393940448686589e+00,-3.854053492661137170e+00,nan,nan,nan,nan,nan,nan,-3.571526702898610850e+00,nan,nan,nan,nan,nan,-3.369586863391413889e+00,nan,nan,nan,nan,nan,nan,nan,-3.173389061246762122e+00,nan,nan,nan,nan,nan,nan,nan,nan,nan,-3.008758313920612881e+00,nan,nan,nan,nan,-2.920867390033027977e+00,nan,nan,nan,nan,-2.805985370402352075e+00,nan,nan,nan,nan,nan,nan,nan,nan,nan,nan,nan,nan,nan,nan,nan,nan,-2.170877222052394195e+00,nan,nan,nan,nan,nan,nan,nan,nan,-1.739315483270239548e+00,-1.689741927116668263e+00,-1.640001035641590610e+00,nan,nan,-1.490186615848410057e+00,nan,nan,nan,nan,nan,nan,nan,nan,-1.046208517678062444e+00,nan,-9.514713854072198718e-01,-9.050228754077241922e-01,nan,nan,nan,nan,nan,nan,-6.032613891722552468e-01,-5.641602911494402184e-01,-5.261699284773676544e-01,nan,-4.535381480638734919e-01,nan,-3.852485468002019298e-01,nan,nan,nan,nan,nan,nan,-1.728342521660484743e-01,nan,nan,nan,nan,nan,nan,nan,nan,nan,nan,nan,1.913656682721073254e-01,nan,2.631583795480776367e-01,nan,nan,nan,nan,nan,nan,5.466103903618331206e-01,nan,nan,6.810697271694099442e-01,nan,nan,nan,nan,nan,nan,nan,nan,nan,nan,nan,nan,nan,nan,1.409588431977683909e+00,nan,nan,nan,nan,nan,nan,1.759402174772092708e+00,nan,nan,1.909330568393772909e+00,nan,nan,nan,nan,nan,nan,2.258560091127696179e+00,nan,nan,nan,2.457695303877594384e+00,nan,2.557157415748709361e+00,nan,nan,2.706234823943576728e+00,nan,nan,nan,2.904820137263345536e+00,nan,nan,3.053645468303376465e+00,3.103235684195660760e+00,nan,3.202392197124986684e+00,3.251959533278329317e+00,nan,nan
5.474281849596858152e-01,nan,nan,nan,nan,nan,nan,nan,nan,nan,nan,nan,nan,7.270761022553668962e-01,7.358696179963347683e-01,7.447845816134263108e-01,nan,nan,nan,7.818856426939408966e-01,7.915814048484394183e-01,nan,nan,nan,nan,8.432963712736740725e-01,8.544062124172533412e-01,nan,8.775509247250145028e-01,nan,nan,9.149319750036930543e-01,nan,nan,9.561507921746268401e-01,nan,9.861686597427917755e-01,nan,nan,1.035695435065655978e+00,nan,nan,nan,1.111745196477132991e+00,nan,1.154793550690525361e+00,nan,nan,1.226558120146957753e+00,nan,nan,nan,nan,nan,nan,nan,nan,1.501410475247510812e+00,nan,nan,nan,nan,nan,nan,nan,nan,1.865207886566895956e+00,nan,nan,nan,nan,nan,nan,nan,nan,nan,nan,nan,2.425354499520400609e+00,nan,nan,nan,nan,nan,nan,nan,2.797512779569695685e+00,nan,nan,nan,nan,nan,nan,nan,3.128227375469782245e+00,nan,nan,3.233647113829408948e+00,3.266081227873613990e+00,nan,nan,nan,nan,nan,nan,nan,nan,3.492978315198624006e+00,nan,nan,3.542432338828835903e+00,nan,3.568254961041939843e+00,nan,nan,nan,nan,nan,nan,3.613765348788449128e+00,3.614478787138072580e+00,nan,nan,nan,nan,nan,nan,3.576569827195080098e+00,nan,nan,nan,3.519326724095298342e+00,3.500818998172680274e+00,3.480629928095631875e+00,nan,nan,3.410125082459793067e+00,nan,nan,nan,nan,nan,nan,3.193013264583688837e+00,nan,nan,nan,nan,3.004073699777721984e+00,nan,nan,nan,nan,2.800910276446487490e+00,nan,2.718534299571560453e+00,nan,nan,nan,2.556265071539485234e+00,nan,nan,nan,2.402584998690174611e+00,nan,nan,nan,2.263551738216876608e+00,nan,nan,nan,nan,2.117648683130985088e+00,nan,nan,nan,nan,nan,nan,nan,nan,nan,nan,1.919292574238566029e+00,nan,nan,nan,nan,nan,nan,nan,nan,nan,nan,nan,nan,1.855915775707683402e+00,1.856012297001055966e+00,1.856614577589258630e+00,nan,nan,nan,nan,nan,nan,nan,nan,nan,nan,1.888291764803894601e+00,nan,nan,nan,nan,nan,nan,nan,nan,1.935260611438471612e+00,nan,nan,nan,nan,1.965635224615147614e+00,nan,nan,1.984795095432495327e+00,nan,nan,nan,nan
