nan,nan,5.134146545496408587e-01,nan,6.186108317471673557e-01,6.722953311846296964e-01,nan,nan,nan,nan,nan,1.001535425221510067e+00,nan,1.110660949824541666e+00,nan,nan,nan,nan,1.370816753563231405e+00,nan,nan,nan,1.555697591686725945e+00,1.597402501063358571e+00,nan,nan,1.709288134540820847e+00,1.741696198233132264e+00,nan,1.798362061841861870e+00,1.822362473021864160e+00,nan,nan,1.875602282142765143e+00,1.886732763445724270e+00,nan,1.898488408185356136e+00,1.898945638940712000e+00,nan,nan,nan,nan,nan,1.821809175461118091e+00,nan,1.764736122951271025e+00,1.730252172300185132e+00,nan,nan,1.603191896592816246e+00,nan,1.499169781028375281e+00,nan,nan,1.315352080692699710e+00,nan,1.175282135171475062e+00,1.100308266306130989e+00,nan,9.411141997759223665e-01,8.571757805004402986e-01,7.705466449791664729e-01,nan,nan,nan,nan,nan,nan,nan,nan,nan,nan,-3.072623248700495635e-01,nan,-5.150276101833212161e-01,nan,-7.217583511085018388e-01,-8.241144513585439979e-01,-9.254625689782384201e-01,-1.025550063102105947e+00,nan,-1.220931823959653162e+00,nan,nan,nan,-1.585498113545949606e+00,nan,-1.750750470066916753e+00,nan,nan,-1.972046935879848029e+00,-2.037836236979098548e+00,nan,nan,nan,nan,nan,nan,nan,-2.392427404034279448e+00,nan,nan,-2.436132843999063713e+00,nan,nan,-2.426204208487851233e+00,nan,nan,nan,nan,nan,nan,nan,nan,nan,-1.992448105460036922e+00,nan,nan,nan,-1.651833984217697227e+00,nan,-1.449088536485035439e+00,nan,nan,nan,nan,nan,-7.288270195515362815e-01,nan,nan,nan,nan,-2.878702673558652947e-02,nan,nan,nan,5.708379745632892188e-01,nan,8.767380237434722057e-01,nan,nan,1.335453000121932465e+00,nan,nan,nan,1.931923101976091406e+00,nan,nan,2.355435623802640155e+00,nan,2.621157422790387770e+00,2.748008948782496130e+00,2.870413128728087848e+00,nan,nan,nan,3.309249481827485795e+00,nan,nan,3.576827588250688805e+00,nan,nan,3.783769857843959361e+00,nan,nan,nan,nan,3.978416224838285498e+00,nan,3.999944382377357055e+00,nan,nan,nan,3.942074880832133310e+00,nan,3.862066390912759051e+00,nan,nan,nan,3.600725635261514679e+00,nan,3.420677742820310119e+00,nan,3.209097059796461870e+00,3.091916644411498716e+00,nan,nan,nan,nan,nan,nan,nan,1.912037672692868728e+00,nan,nan,nan,nan,nan,8.085127024214705527e-01,nan,nan
nan,nan,-1.877310760331988571e-01,nan,-1.899930306265633084e-01,-1.873402923904933237e-01,nan,nan,nan,nan,nan,-1.147605119712980098e-01,nan,-6.801356984724615806e-02,nan,nan,nan,nan,9.928475364220012978e-02,nan,nan,nan,2.837023102539191211e-01,3.364589499676732820e-01,nan,nan,5.095401365444457431e-01,5.718681391413129589e-01,nan,7.028456866628648436e-01,7.712578950995965243e-01,nan,nan,9.866084741935512437e-01,1.061283519462800751e+00,nan,1.214038880604015436e+00,1.291787536155326155e+00,nan,nan,nan,nan,nan,1.766232315703560207e+00,nan,1.922861304695132167e+00,2.000004724035303383e+00,nan,nan,2.224326390951648857e+00,nan,2.365924924746433788e+00,nan,nan,2.562389360775290559e+00,nan,2.680466225994942775e+00,2.735069169939039480e+00,nan,2.834505324873390908e+00,2.878995118866321423e+00,2.919780598866399401e+00,nan,nan,nan,nan,nan,nan,nan,nan,nan,nan,3.085208543433701323e+00,nan,3.053367292066834437e+00,nan,3.001285937288736161e+00,2.967621545988679443e+00,2.928881269080214178e+00,2.885085652632848330e+00,nan,2.782473716902129635e+00,nan,nan,nan,2.518895857731591637e+00,nan,2.359374300182796258e+00,nan,nan,2.088229317550881703e+00,1.989970321215318805e+00,nan,nan,nan,nan,nan,nan,nan,1.090026065278719924e+00,nan,nan,7.156002303997446301e-01,nan,nan,3.320157527235643724e-01,nan,nan,nan,nan,nan,nan,nan,nan,nan,-9.109678795106743721e-01,nan,nan,nan,-1.344999391738048722e+00,nan,-1.539088688647459513e+00,nan,nan,nan,nan,nan,-2.004303533292985495e+00,nan,nan,nan,nan,-2.231051555950337217e+00,nan,nan,nan,-2.291401117986154201e+00,nan,-2.278687365072356030e+00,nan,nan,-2.204643977671089772e+00,nan,nan,nan,-2.003049548622092502e+00,nan,nan,-1.776306748441926819e+00,nan,-1.590642960152523377e+00,-1.487884734917394702e+00,-1.378737051791058210e+00,nan,nan,nan,-8.823279931088322536e-01,nan,nan,-4.539002660534114941e-01,nan,nan,1.426936435883463528e-02,nan,nan,nan,nan,8.589347815854937451e-01,nan,1.210928158843471492e+00,nan,nan,nan,1.922076235968366742e+00,nan,2.274763541461105820e+00,nan,nan,nan,2.957957897226939359e+00,nan,3.281935140611163870e+00,nan,3.589903256093589068e+00,3.736916011493273793e+00,nan,nan,nan,nan,nan,nan,nan,4.698360318834021498e+00,nan,nan,nan,nan,nan,5.104514307546192065e+00,nan,nan
nan,nan,-4.362109459485370433e-01,nan,nan,nan,nan,-1.684076556248921275e-01,-1.134308692188498724e-01,nan,nan,5.190982472333215830e-02,nan,nan,2.148204058952176143e-01,nan,nan,3.712243799649320719e-01,nan,nan,nan,nan,nan,nan,6.873741228975827067e-01,nan,nan,nan,nan,nan,nan,nan,nan,9.259766816445875737e-01,9.371071629475468123e-01,9.447651480771944721e-01,nan,nan,9.460648016932610149e-01,nan,nan,nan,nan,8.721835749629401890e-01,nan,8.151105224530929005e-01,nan,nan,6.998264505908601274e-01,nan,6.034541502017273240e-01,nan,4.919010625088128252e-01,nan,nan,nan,nan,1.506826658079528092e-01,nan,nan,-9.244981999773783932e-02,nan,nan,nan,-4.534270086156083623e-01,nan,nan,nan,nan,nan,nan,nan,nan,-1.360776863484563615e+00,nan,-1.568271601251881808e+00,nan,-1.773740051856722566e+00,nan,nan,-2.073749608463078431e+00,nan,nan,nan,nan,nan,-2.619369110500176401e+00,nan,nan,-2.851751435570081039e+00,nan,nan,nan,nan,nan,nan,nan,-3.284449983647582449e+00,-3.316016931318430672e+00,-3.342053004532457905e+00,nan,nan,nan,nan,nan,-3.375829808986029690e+00,nan,-3.338523479137586847e+00,nan,-3.276369482948419787e+00,-3.235967240729522132e+00,nan,nan,nan,nan,nan,nan,nan,nan,nan,nan,nan,nan,nan,nan,nan,nan,nan,nan,-1.407176109612196857e+00,-1.266875507506550980e+00,nan,nan,nan,-6.815239668393531236e-01,nan,nan,nan,nan,nan,nan,nan,nan,nan,nan,9.822975014779137259e-01,nan,1.267616980914921809e+00,1.405810023304462364e+00,nan,nan,nan,nan,nan,nan,nan,2.359623881329307782e+00,2.455141714931436514e+00,nan,nan,nan,2.772290420801073019e+00,2.834144257345781792e+00,nan,nan,nan,nan,nan,nan,nan,nan,3.038358256705226079e+00,nan,nan,nan,nan,2.859688066718269805e+00,nan,nan,nan,nan,nan,nan,nan,nan,2.017787283534158149e+00,nan,nan,nan,nan,nan,nan,9.624120721946909374e-01,7.889199852311505889e-01,nan,nan,nan,nan,-1.411128980767073493e-01,nan,nan
nan,nan,4.361565760445654805e-01,nan,nan,nan,nan,4.497448567997961444e-01,4.604009797563131112e-01,nan,nan,5.091271401064663138e-01,nan,nan,5.835763870062078418e-01,nan,nan,6.839860358196923062e-01,nan,nan,nan,nan,nan,nan,1.015628244419360726e+00,nan,nan,nan,nan,nan,nan,nan,nan,1.610496126271315775e+00,1.685171171540565282e+00,1.761035641246443406e+00,nan,nan,1.994107665139702501e+00,nan,nan,nan,nan,2.390119967781325183e+00,nan,2.546748956772896921e+00,nan,nan,2.774827664143507899e+00,nan,2.919942857560308802e+00,nan,3.057623128693157000e+00,nan,nan,nan,nan,3.358956822016804011e+00,nan,nan,3.502882770944085955e+00,nan,nan,nan,3.642278609338547302e+00,nan,nan,nan,nan,nan,nan,nan,nan,3.695692799036685461e+00,nan,3.653754058297385754e+00,nan,3.591509198066443975e+00,nan,nan,3.460155506786219526e+00,nan,nan,nan,nan,nan,3.065240211092037814e+00,nan,nan,2.806548371512792350e+00,nan,nan,nan,nan,nan,nan,nan,1.954802782741915435e+00,1.835405220728506093e+00,1.713913717356484900e+00,nan,nan,nan,nan,nan,9.559034048013292928e-01,nan,6.989199944269213205e-01,nan,4.437029546607998420e-01,3.175129834915918492e-01,nan,nan,nan,nan,nan,nan,nan,nan,nan,nan,nan,nan,nan,nan,nan,nan,nan,nan,-1.490250157354634508e+00,-1.535769285738131318e+00,nan,nan,nan,-1.651397863120392273e+00,nan,nan,nan,nan,nan,nan,nan,nan,nan,nan,-1.379161896544328192e+00,nan,-1.235024683554876601e+00,-1.152419096364162510e+00,nan,nan,nan,nan,nan,nan,nan,-2.584403410310677773e-01,-1.205403556650204711e-01,nan,nan,nan,4.781996692946175465e-01,6.381570164365991671e-01,nan,nan,nan,nan,nan,nan,nan,nan,2.190264897807071343e+00,nan,nan,nan,nan,3.072838305985861496e+00,nan,nan,nan,nan,nan,nan,nan,nan,4.502667598915607527e+00,nan,nan,nan,nan,nan,nan,5.322247970911785586e+00,5.410724285601284933e+00,nan,nan,nan,nan,5.728401959623956152e+00,nan,nan
nan,2.133367763178115328e-01,nan,nan,nan,nan,4.777415001210947310e-01,5.324189061075510487e-01,5.873956925135933593e-01,nan,nan,7.527363864557753415e-01,nan,nan,nan,nan,nan,1.072050941697375137e+00,1.122017714797496790e+00,1.170640845014853992e+00,nan,1.263235194421481022e+00,nan,nan,nan,nan,nan,nan,nan,nan,nan,nan,1.612295465838007091e+00,1.626803243377030528e+00,nan,nan,1.649689369419621521e+00,nan,nan,1.639860006017265226e+00,nan,nan,nan,nan,1.546456856187097051e+00,nan,nan,nan,nan,nan,nan,1.250370742262640666e+00,nan,1.131426522156017356e+00,nan,nan,9.264830964057403362e-01,8.515092275403961519e-01,nan,6.923151610101875297e-01,nan,nan,nan,nan,nan,nan,nan,nan,-1.451599431077053026e-01,nan,nan,-4.524019043312726973e-01,nan,nan,nan,nan,-9.705573898742367867e-01,nan,-1.174261607743973368e+00,nan,-1.372923046730634589e+00,nan,nan,-1.657043347652026988e+00,nan,nan,-1.918542548767732780e+00,-1.999549508832651812e+00,nan,nan,nan,nan,nan,-2.405000207249529343e+00,nan,nan,nan,-2.583623421915138607e+00,nan,nan,nan,nan,-2.684931882764798328e+00,-2.687688883510909843e+00,nan,nan,nan,nan,-2.609731030320339151e+00,-2.575542921215975944e+00,-2.535140678997078290e+00,nan,-2.435800677182097029e+00,nan,nan,nan,nan,nan,nan,nan,nan,nan,-1.588991796701483272e+00,nan,nan,nan,nan,nan,nan,nan,nan,nan,nan,nan,nan,nan,nan,nan,nan,nan,9.342366898819350896e-01,nan,nan,nan,nan,1.683124063210357235e+00,1.827155914288805638e+00,nan,nan,nan,2.372358384024653155e+00,nan,nan,nan,2.851801577980483948e+00,nan,nan,nan,nan,nan,nan,nan,nan,3.589419516395135457e+00,nan,nan,3.706520730940390695e+00,3.729617186072550883e+00,3.744526788871669787e+00,nan,3.749387042735926379e+00,nan,3.720490652317256508e+00,nan,nan,3.613267352147024436e+00,nan,nan,3.429763953744361604e+00,3.351926596495780064e+00,nan,nan,3.069947832845048019e+00,2.960298021030727256e+00,2.843117605645764101e+00,nan,nan,2.448557843447706883e+00,nan,2.152152427150643810e+00,1.994776669064880936e+00,nan,nan,nan,nan,nan,nan,nan,5.597136636557359379e-01,nan,nan
nan,-5.147587213466293665e-01,nan,nan,nan,nan,-5.138718161801690831e-01,-5.059381049053475188e-01,-4.952819819488305519e-01,nan,nan,-4.465558215986773494e-01,nan,nan,nan,nan,nan,-2.716969258854514679e-01,-2.325105559851792236e-01,-1.905122975943134012e-01,nan,-9.825036298582766336e-02,nan,nan,nan,nan,nan,nan,nan,nan,nan,nan,5.814845419766386803e-01,6.548131645661718903e-01,nan,nan,8.822435709766361933e-01,nan,nan,1.117362162938869918e+00,nan,nan,nan,nan,1.513074931368295850e+00,nan,nan,nan,nan,nan,nan,2.034129615119054435e+00,nan,2.167493484090468936e+00,nan,nan,2.348670916367563422e+00,2.403273860311660126e+00,nan,2.502710015246011555e+00,nan,nan,nan,nan,nan,nan,nan,nan,2.757661265534521178e+00,nan,nan,2.761822543926435891e+00,nan,nan,nan,nan,2.669490627661356807e+00,nan,2.597085959452834825e+00,nan,2.504472545081075641e+00,nan,nan,2.328408103485607228e+00,nan,nan,2.109557249386893929e+00,2.027578990555416905e+00,nan,nan,nan,nan,nan,1.450908642751142397e+00,nan,nan,nan,9.991198210367711052e-01,nan,nan,nan,nan,3.838049207723652767e-01,2.565847908915718789e-01,nan,nan,nan,nan,-3.847430796377611095e-01,-5.119800070443445428e-01,-6.381699782135525911e-01,nan,-8.861903070353165379e-01,nan,nan,nan,nan,nan,nan,nan,nan,nan,-1.961238629667727329e+00,nan,nan,nan,nan,nan,nan,nan,nan,nan,nan,nan,nan,nan,nan,nan,nan,nan,-2.568486718651711076e+00,nan,nan,nan,nan,-2.334844858249470967e+00,-2.266324234529924819e+00,nan,nan,nan,-1.922438269779902065e+00,nan,nan,nan,-1.473851911421248495e+00,nan,nan,nan,nan,nan,nan,nan,nan,-1.541080702961548365e-01,nan,nan,3.534180965884498038e-01,5.271394719581150579e-01,7.025068114041262968e-01,nan,1.056624140208159757e+00,nan,1.412603081343335898e+00,nan,nan,1.942968231833727355e+00,nan,nan,2.459161365099374663e+00,2.626162587599560894e+00,nan,nan,3.106320327507732681e+00,3.258107946466210603e+00,3.405120701865895327e+00,nan,nan,3.813815982347160016e+00,nan,4.055806183718180691e+00,4.166662490561460430e+00,nan,nan,nan,nan,nan,nan,nan,4.772718997918813599e+00,nan,nan
nan,nan,nan,-2.187386367291390687e-01,nan,-1.120542446350276666e-01,nan,nan,nan,nan,nan,nan,nan,3.263113740048843581e-01,3.800964305737381532e-01,nan,nan,nan,5.864671777435742639e-01,nan,nan,nan,nan,nan,nan,nan,nan,nan,9.870816551406949024e-01,nan,nan,1.058962054522154750e+00,nan,nan,nan,nan,1.114138832365698883e+00,1.114596063121054748e+00,1.111340826371781443e+00,nan,nan,1.078707498279545263e+00,1.060054122154320932e+00,nan,nan,nan,nan,nan,nan,8.188423207731589937e-01,7.687301748802480850e-01,nan,nan,nan,nan,4.626526183951082394e-01,nan,nan,nan,1.567646239562649479e-01,nan,nan,nan,nan,-2.881509839370876014e-01,nan,-4.812694818862724988e-01,nan,-6.807104801616279399e-01,nan,-8.847606714002876904e-01,nan,-1.091611900689707149e+00,nan,nan,nan,-1.506107926928159646e+00,nan,nan,nan,-1.908473583784557448e+00,nan,nan,-2.192593884705949847e+00,nan,nan,-2.454093085821655418e+00,-2.535100045886574449e+00,-2.612636388874534532e+00,-2.686475410891560056e+00,-2.756396511699505503e+00,nan,nan,-2.940550744303452202e+00,-2.992737633048851098e+00,nan,nan,-3.119173958969061466e+00,-3.150740906639909689e+00,nan,nan,nan,nan,-3.223239420564832702e+00,nan,nan,nan,-3.173247454459065864e+00,nan,nan,nan,nan,nan,nan,nan,nan,nan,-2.617702770453915750e+00,nan,-2.436183560037354479e+00,nan,-2.233438112304692691e+00,nan,-2.010891790504468979e+00,-1.892698649089173957e+00,nan,nan,-1.513176595371193089e+00,-1.379186719938422456e+00,nan,nan,-9.585776386283464401e-01,nan,nan,nan,nan,-2.135116012563675614e-01,-6.078579799821240415e-02,nan,2.456630014442618415e-01,3.986861528280126188e-01,nan,7.025583903682375286e-01,nan,1.001150968062475943e+00,1.147573526156434820e+00,1.291605377234883223e+00,nan,1.571086047982983347e+00,nan,nan,1.963659372962839100e+00,nan,nan,2.316251040926561533e+00,2.423416344193051852e+00,nan,2.620417739609957497e+00,2.709697257252420499e+00,nan,nan,nan,nan,nan,3.100723056694197233e+00,nan,nan,nan,nan,nan,nan,nan,3.184940115263334537e+00,nan,nan,nan,3.024964091396790788e+00,nan,2.894213416690439633e+00,nan,nan,nan,nan,nan,nan,nan,nan,nan,1.767960895490075623e+00,1.616601890096721839e+00,nan,1.296145659028000718e+00,nan,nan,nan,5.935490380903570840e-01,4.071475803886795419e-01,nan,nan,nan,-3.696385358498534557e-01
nan,nan,nan,-8.367727606591768286e-02,nan,-8.091786832307334976e-02,nan,nan,nan,nan,nan,nan,nan,3.840885422017379508e-02,6.611115899586342270e-02,nan,nan,nan,2.057071777096201037e-01,nan,nan,nan,nan,nan,nan,nan,nan,nan,7.427640292913871845e-01,nan,nan,9.478707409322693067e-01,nan,nan,nan,nan,1.320461304671435521e+00,1.398209960222746240e+00,1.476642437129358054e+00,nan,nan,1.714232392036499464e+00,1.793569026444135517e+00,nan,nan,nan,nan,nan,nan,2.330748815019068498e+00,2.402477629549963911e+00,nan,nan,nan,nan,2.729267185912039650e+00,nan,nan,nan,2.940927748940810549e+00,nan,nan,nan,nan,3.124813381328202411e+00,nan,3.169381005739988044e+00,nan,3.195878999229320172e+00,nan,3.203507424486010446e+00,nan,3.191630967501120963e+00,nan,nan,nan,3.107708361356155802e+00,nan,nan,nan,2.942690278775874635e+00,nan,nan,2.766625837180406222e+00,nan,nan,2.547774983081692923e+00,2.465796724250215899e+00,2.379517436376164419e+00,2.289083143502447459e+00,2.194651741618301344e+00,nan,nan,1.889126376445941391e+00,1.780513400043140626e+00,nan,nan,1.437337554731570100e+00,1.317939992718160758e+00,nan,nan,nan,nan,6.948025245863709287e-01,nan,nan,nan,1.814547664165760132e-01,nan,nan,nan,nan,nan,nan,nan,nan,nan,-1.028451796935076601e+00,nan,-1.238576967670628859e+00,nan,-1.432666264580039650e+00,nan,-1.608569808992129868e+00,-1.689064413298158263e+00,nan,nan,-1.897881109225565854e+00,-1.955870015763891079e+00,nan,nan,-2.092257770682277140e+00,nan,nan,nan,nan,-2.184978693918734560e+00,-2.182259959074861477e+00,nan,-2.154945190917021414e+00,-2.130268984956912526e+00,nan,-2.058805272019046839e+00,nan,-1.957962244846568112e+00,-1.896627124554673083e+00,-1.828106500835126935e+00,nan,-1.669884324374507401e+00,nan,nan,-1.381462310849975283e+00,nan,nan,-1.035634177726450389e+00,-9.085331931677100847e-01,nan,-6.380055836753655285e-01,-4.951020577233122832e-01,nan,nan,nan,nan,nan,4.506440305286762982e-01,nan,nan,nan,nan,nan,nan,nan,1.850820815038133560e+00,nan,nan,nan,2.555373077975515717e+00,nan,2.897379098794172769e+00,nan,nan,nan,nan,nan,nan,nan,nan,nan,4.376301727549153142e+00,4.494023917412978797e+00,nan,4.708563983021335275e+00,nan,nan,nan,5.045954119883798050e+00,5.109699681036632413e+00,nan,nan,nan,5.275986288886995723e+00
nan,7.668359819676298095e-01,nan,nan,9.233109986312508788e-01,9.769954980687132196e-01,1.031240705770912980e+00,nan,nan,nan,nan,nan,nan,nan,nan,nan,nan,nan,nan,nan,1.771264074992801030e+00,nan,1.860397758570809357e+00,nan,nan,1.979042891888295630e+00,nan,nan,nan,2.103062228725944838e+00,nan,nan,nan,nan,nan,nan,nan,nan,nan,nan,nan,nan,2.149103864858061375e+00,nan,nan,nan,2.034952339184267434e+00,nan,nan,nan,nan,nan,nan,nan,1.620052247576782234e+00,nan,nan,nan,1.326907085095593963e+00,nan,nan,nan,nan,nan,nan,7.052327877060458050e-01,nan,5.087453944708495435e-01,4.083392625421122246e-01,nan,2.042890713034524741e-01,1.010973013185448577e-01,nan,-1.064510961023027447e-01,-2.103274432992386367e-01,-3.139458338696208273e-01,-4.170581842244193149e-01,nan,nan,nan,nan,nan,-1.011021747871181153e+00,nan,-1.193551137318580979e+00,nan,nan,nan,-1.523586646170794312e+00,-1.597425668187819836e+00,nan,nan,-1.794587022363131945e+00,nan,-1.903687890345110878e+00,nan,-1.993165842197730520e+00,nan,-2.061691163936169691e+00,nan,nan,-2.122707516682968087e+00,nan,nan,nan,nan,nan,nan,nan,nan,nan,-1.935048072157776522e+00,nan,nan,nan,-1.687747938575954620e+00,nan,nan,nan,-1.347133817333614925e+00,nan,nan,nan,-9.218420478007297580e-01,-8.036489063854347359e-01,nan,nan,-4.241268526674538131e-01,nan,nan,-1.254974012429074803e-02,nan,nan,nan,nan,nan,8.755381414473716317e-01,1.028263944705526844e+00,nan,nan,nan,nan,nan,1.941743252599630098e+00,2.090200710766215053e+00,nan,nan,nan,nan,2.794887897192204651e+00,nan,3.052709115666578210e+00,nan,nan,nan,3.512466086896790962e+00,3.613949648711567875e+00,nan,nan,3.881527755134770885e+00,nan,nan,nan,4.142918722044952595e+00,nan,nan,nan,nan,nan,nan,4.302886248385743073e+00,nan,4.273989857967072759e+00,nan,nan,nan,nan,nan,nan,nan,3.819420718087849220e+00,nan,nan,nan,nan,nan,nan,3.002057049097522690e+00,nan,nan,2.548275874714696521e+00,nan,nan,nan,1.865075954589354268e+00,nan,1.496197323092417486e+00,nan,nan,nan,nan
nan,2.864124030900885298e-01,nan,nan,2.793827841827753455e-01,2.820355224188453303e-01,2.872993082565488132e-01,nan,nan,nan,nan,nan,nan,nan,nan,nan,nan,nan,nan,nan,6.554285301150631904e-01,nan,7.530781250632576640e-01,nan,nan,9.188404292809907448e-01,nan,nan,nan,1.172221501472203276e+00,nan,nan,nan,nan,nan,nan,nan,nan,nan,nan,nan,nan,2.156522417186053975e+00,nan,nan,nan,2.469380538844641482e+00,nan,nan,nan,nan,nan,nan,nan,3.031765175584628658e+00,nan,nan,nan,3.255849550944417636e+00,nan,nan,nan,nan,nan,nan,3.512253186283540440e+00,nan,3.547895815045376544e+00,3.558832389971238630e+00,nan,3.566460815227928904e+00,3.562993668363153343e+00,nan,3.541180961768259028e+00,3.522743106876172536e+00,3.499242221028959321e+00,3.470661752098074260e+00,nan,nan,nan,nan,nan,3.193137619061989785e+00,nan,3.061258361460323041e+00,nan,nan,nan,2.742470827118082877e+00,2.652036534244365917e+00,nan,nan,2.357440392980696409e+00,nan,2.143466790785059306e+00,nan,1.917344954743910979e+00,nan,1.680893383460079660e+00,nan,nan,1.311174783615755235e+00,nan,nan,nan,nan,nan,nan,nan,nan,nan,3.816278086381080792e-02,nan,nan,nan,-4.415920647013357736e-01,nan,nan,nan,-8.756235769287104009e-01,nan,nan,nan,-1.245616418250211410e+00,-1.326111022556239805e+00,nan,nan,-1.534927718483647396e+00,nan,nan,-1.690281123006557751e+00,nan,nan,nan,nan,nan,-1.822025303176816102e+00,-1.819306568332943019e+00,nan,nan,nan,nan,nan,-1.649086419829418837e+00,-1.595008854104649654e+00,nan,nan,nan,nan,-1.217460646428762061e+00,nan,-1.018508920108056826e+00,nan,nan,nan,-5.455798024257914047e-01,-4.129521782994941548e-01,nan,nan,1.547554875592660473e-02,nan,nan,nan,6.470630541405619773e-01,nan,nan,nan,nan,nan,nan,1.857795264644876321e+00,nan,2.213774205780052462e+00,nan,nan,nan,nan,nan,nan,nan,3.591126646915105525e+00,nan,nan,nan,nan,nan,nan,4.614987106783877024e+00,nan,nan,4.967833614998176550e+00,nan,nan,nan,5.336684636522737613e+00,nan,5.472653071778550427e+00,nan,nan,nan,nan
-5.135803774836775748e-01,nan,nan,nan,-3.979320081047960089e-01,nan,nan,nan,-1.803481085726353350e-01,nan,nan,nan,nan,9.411810997257835654e-02,nan,nan,2.531526045347293752e-01,3.043071406111466093e-01,nan,nan,nan,4.954913933352524946e-01,nan,5.808596612113954283e-01,6.204568835437972441e-01,nan,6.927452946888577046e-01,nan,nan,nan,8.058196331699009063e-01,nan,nan,8.590594422908021111e-01,nan,nan,nan,nan,nan,nan,8.612537610751783701e-01,nan,8.278608581220149309e-01,nan,7.787130551008681900e-01,7.481932830993074379e-01,7.137093324482214340e-01,nan,nan,nan,nan,nan,nan,3.636827210697884949e-01,nan,nan,nan,nan,nan,nan,-1.593670593515233436e-01,nan,nan,nan,nan,nan,nan,nan,nan,nan,nan,nan,nan,nan,nan,nan,nan,nan,nan,nan,nan,nan,-2.332264754607227708e+00,-2.424787148738256182e+00,-2.514794144054627534e+00,nan,nan,nan,nan,nan,nan,nan,-3.115830029099178944e+00,nan,nan,nan,nan,nan,-3.382934170672216467e+00,nan,-3.429347615848685749e+00,nan,nan,nan,-3.452144344947956967e+00,-3.442747048339815485e+00,nan,nan,nan,nan,nan,-3.256291078893823077e+00,-3.203544478268326667e+00,nan,nan,nan,-2.932312322492430123e+00,-2.849896034486222529e+00,-2.761870007628985491e+00,nan,-2.569573524968144618e+00,nan,nan,nan,nan,-2.002381261369472920e+00,nan,nan,nan,nan,-1.333792746860336775e+00,nan,nan,nan,nan,-5.976384565904007129e-01,nan,nan,nan,nan,nan,nan,nan,nan,7.689577040301690536e-01,nan,nan,nan,nan,nan,1.604614582938423961e+00,nan,nan,nan,nan,nan,nan,nan,nan,nan,2.636319154999282155e+00,2.705373181447287223e+00,nan,nan,2.868529792661890454e+00,nan,2.938776929854161946e+00,2.961873384986322133e+00,2.976782987785441037e+00,2.983401542525393690e+00,nan,2.971441017351440284e+00,2.952746851231027758e+00,2.925532040980169945e+00,nan,2.845523551060795686e+00,nan,2.731579590173927485e+00,nan,2.584182795409551314e+00,nan,2.404134902968346754e+00,nan,2.192554219944498506e+00,2.075373804559535351e+00,1.950870044180372354e+00,1.819268778661519148e+00,nan,nan,nan,1.227032867978651964e+00,nan,nan,7.220027458773647933e-01,5.438329478533094896e-01,nan,nan,-1.497637733006054739e-02,nan,nan,-6.018317998821605119e-01
-3.359623845021324495e-01,nan,nan,nan,-3.275883230809908953e-01,nan,nan,nan,-3.010819647758788964e-01,nan,nan,nan,nan,-2.056088623016738559e-01,nan,nan,-1.138393898992119679e-01,-7.749690871249978463e-02,nan,nan,nan,9.594965418712400607e-02,nan,1.988636575132456397e-01,2.541452998871687741e-01,nan,3.719448440900180453e-01,nan,nan,nan,6.336626026451688265e-01,nan,nan,8.490131817391235458e-01,nan,nan,nan,nan,nan,nan,1.390821295130085122e+00,nan,1.549551309922287734e+00,nan,1.707274948541247506e+00,1.785266012240704470e+00,1.862409431580875463e+00,nan,nan,nan,nan,nan,nan,2.361693501263420369e+00,nan,nan,nan,nan,nan,nan,2.741399826411893503e+00,nan,nan,nan,nan,nan,nan,nan,nan,nan,nan,nan,nan,nan,nan,nan,nan,nan,nan,nan,nan,nan,2.586166511798223766e+00,2.522608120658558661e+00,2.454287254196557022e+00,nan,nan,nan,nan,nan,nan,nan,1.750469285716930390e+00,nan,nan,nan,nan,nan,1.073922276196313197e+00,nan,8.291029060953800656e-01,nan,nan,nan,3.228270540112748721e-01,1.944204602691363415e-01,nan,nan,nan,nan,nan,-5.688083263999557104e-01,-6.919902898623651044e-01,nan,nan,nan,-1.162094616078590104e+00,-1.272469513456924384e+00,-1.379397847380767761e+00,nan,-1.581780913512157216e+00,nan,nan,nan,nan,-2.008283211642664767e+00,nan,nan,nan,nan,-2.297252230270323992e+00,nan,nan,nan,nan,-2.424503768215790167e+00,nan,nan,nan,nan,nan,nan,nan,nan,-2.201979961368415672e+00,nan,nan,nan,nan,nan,-1.728238252606951297e+00,nan,nan,nan,nan,nan,nan,nan,nan,nan,-4.394469839900191355e-01,-2.832832752375747942e-01,nan,nan,2.066263140068290982e-01,nan,5.476181137614006822e-01,7.213394891310659363e-01,8.967068285770771752e-01,1.073332866389043794e+00,nan,1.428781953274878669e+00,1.606803098516286443e+00,1.784480943513938822e+00,nan,2.137168249006677900e+00,nan,2.483556392202874719e+00,nan,2.820362604772511439e+00,nan,3.144339848156735950e+00,nan,3.452307963639161148e+00,3.599320719038845873e+00,3.741184654383414632e+00,3.877534780580042195e+00,nan,nan,nan,4.360862507734410976e+00,nan,nan,4.649241341069092925e+00,4.729713529258972038e+00,nan,nan,4.920740061973654100e+00,nan,nan,5.031968572365148162e+00
nan,nan,nan,nan,8.775791281324070159e-01,9.312636275698693566e-01,nan,nan,nan,1.150302389469744835e+00,nan,nan,nan,1.369629246209781437e+00,nan,nan,1.528663740771932344e+00,nan,1.629785049948471176e+00,nan,nan,nan,1.814665888071965716e+00,1.856370797448598342e+00,nan,nan,nan,2.000664494618372036e+00,nan,nan,2.081330769407103709e+00,nan,nan,nan,2.145701059830964041e+00,nan,nan,nan,2.154658698576678244e+00,nan,2.136764897312381173e+00,2.122025370484442064e+00,nan,2.080777471846357418e+00,nan,nan,nan,nan,1.908420347474277134e+00,nan,nan,nan,nan,nan,nan,nan,nan,nan,nan,1.200082496161161361e+00,nan,nan,nan,8.488493704737201107e-01,nan,nan,nan,nan,nan,2.610474772776998353e-01,nan,nan,nan,nan,nan,nan,nan,nan,nan,-7.665817667168670635e-01,nan,nan,-1.056753618370024794e+00,nan,-1.239283007817424620e+00,-1.326529817160710722e+00,nan,nan,nan,nan,nan,-1.778867940593859442e+00,nan,nan,nan,nan,nan,nan,nan,nan,nan,-2.168439387181811728e+00,nan,-2.179921548359936345e+00,-2.176633208710753831e+00,nan,nan,nan,nan,nan,nan,nan,-1.928033342031123532e+00,-1.869186550970934446e+00,-1.804307655466326654e+00,-1.733479809074798039e+00,nan,nan,nan,nan,nan,-1.190120240099796556e+00,-1.081224461550509996e+00,nan,nan,-7.268701251322702284e-01,nan,nan,nan,-1.985822127287799610e-01,nan,8.474023357654938970e-02,nan,3.777307576235592323e-01,nan,nan,nan,nan,nan,nan,nan,1.594421296507171570e+00,nan,nan,nan,nan,2.334923249439779358e+00,nan,nan,nan,nan,nan,3.129381425113327175e+00,3.247016490835562319e+00,3.359568913131457890e+00,nan,nan,3.663735611814853854e+00,3.753015129457316856e+00,nan,3.911830291236485291e+00,3.980884317684489915e+00,nan,4.097186851546109843e+00,4.144040928899093146e+00,nan,nan,nan,nan,4.258912678762595938e+00,nan,nan,nan,4.201043177217372637e+00,nan,nan,4.068281963601686257e+00,nan,nan,nan,nan,nan,nan,nan,nan,nan,nan,nan,nan,nan,nan,nan,nan,1.997513882114566819e+00,1.819344084090511515e+00,nan,nan,nan,nan,nan,nan
nan,nan,nan,nan,1.951508140251607959e-01,1.978035522612307806e-01,nan,nan,nan,2.350815263079426565e-01,nan,nan,nan,3.171302748044779185e-01,nan,nan,4.088997472069397787e-01,nan,4.844285982939242063e-01,nan,nan,nan,6.688461549056432531e-01,7.216027946193973586e-01,nan,nan,nan,9.570119837930370910e-01,nan,nan,1.156401739751320656e+00,nan,nan,nan,1.446427364114525105e+00,nan,nan,nan,1.755363857713662323e+00,nan,1.913560432236237174e+00,1.992953812620803733e+00,nan,2.151376160355284561e+00,nan,nan,nan,nan,2.536083856717467278e+00,nan,nan,nan,nan,nan,nan,nan,nan,nan,nan,3.219649169525114818e+00,nan,nan,nan,3.374766893963906611e+00,nan,nan,nan,nan,nan,3.480817027635451755e+00,nan,nan,nan,nan,nan,nan,nan,nan,nan,3.270229497284572240e+00,nan,nan,3.108905648904375596e+00,nan,2.977026391302708852e+00,2.904039702383315547e+00,nan,nan,nan,nan,nan,2.375114165867042715e+00,nan,nan,nan,nan,nan,nan,nan,nan,nan,1.226942813458140824e+00,nan,9.735239451706754199e-01,8.455661911174270351e-01,nan,nan,nan,nan,nan,nan,nan,-1.692511527562130524e-01,-2.904725109482348411e-01,-4.094303981104662760e-01,-5.258240348589501290e-01,nan,nan,nan,nan,nan,-1.153944843995735603e+00,-1.244299475388624066e+00,nan,nan,-1.485544074536513159e+00,nan,nan,nan,-1.728993964780675352e+00,nan,-1.813536350097973093e+00,nan,-1.871485261975680769e+00,nan,nan,nan,nan,nan,nan,nan,-1.819500133019366528e+00,nan,nan,nan,nan,-1.549385080250823110e+00,nan,nan,nan,nan,nan,-9.935932071393348552e-01,-8.782478396011220712e-01,-7.569127571421464529e-01,nan,nan,-3.592841630910614814e-01,-2.163806371390082084e-01,nan,8.329215311613216710e-02,2.394558618685764806e-01,nan,5.628310839829473444e-01,7.293654511129803453e-01,nan,nan,nan,nan,1.596072003495194958e+00,nan,nan,nan,2.307220080620090208e+00,nan,nan,2.834094498559819986e+00,nan,nan,nan,nan,nan,nan,nan,nan,nan,nan,nan,nan,nan,nan,nan,nan,5.171980478175244755e+00,5.252452666365123868e+00,nan,nan,nan,nan,nan,nan
nan,nan,nan,nan,6.492764443742599090e-01,nan,7.572061515139220100e-01,nan,nan,nan,nan,nan,nan,1.141326562451634219e+00,1.195111619020488014e+00,nan,nan,nan,1.401482366190323958e+00,nan,nan,1.542699845814308190e+00,1.586363204313818498e+00,1.628068113690451124e+00,nan,nan,nan,nan,nan,nan,nan,1.873977242968904555e+00,1.891760117230834259e+00,nan,1.917398376072816824e+00,1.925056361202464483e+00,nan,nan,1.926356014818531248e+00,nan,1.908462213554234177e+00,nan,nan,nan,1.825921507579924219e+00,nan,nan,nan,nan,1.633857509219908799e+00,nan,nan,1.472192275634083281e+00,nan,nan,nan,nan,1.130973878933223542e+00,nan,nan,nan,nan,nan,nan,5.268642045096624260e-01,4.311982334490556679e-01,nan,nan,nan,nan,nan,-1.729372529384451407e-01,-2.765967122429570102e-01,nan,nan,nan,nan,nan,-8.947969563511458668e-01,nan,nan,nan,nan,nan,nan,nan,nan,nan,-1.797621200427784283e+00,-1.871460222444809807e+00,nan,-2.007170624352005994e+00,nan,nan,nan,nan,nan,nan,nan,nan,nan,-2.396742070939958058e+00,nan,nan,nan,nan,-2.379982591748905918e+00,-2.358232266012315836e+00,-2.330266378927511983e+00,nan,nan,nan,nan,-2.097489234729080554e+00,nan,-1.961782492832944369e+00,nan,-1.802687582007165945e+00,nan,nan,-1.522365072489088256e+00,nan,nan,-1.195876602057719618e+00,nan,nan,-8.285822407804699363e-01,nan,nan,-4.268848964869264018e-01,nan,nan,1.878585891506023842e-03,nan,2.987672462859172207e-01,nan,6.015035871903817721e-01,7.542293904485368738e-01,nan,1.060678189891011147e+00,nan,nan,nan,1.667708698342640350e+00,nan,nan,nan,2.247908194040192154e+00,2.386101236429732708e+00,nan,nan,nan,nan,nan,nan,nan,nan,3.435432928056706636e+00,nan,nan,nan,nan,nan,nan,nan,3.954824266407033662e+00,nan,nan,4.023991440264495623e+00,4.030609995004448720e+00,nan,4.018649469830495313e+00,nan,3.972740493459224975e+00,3.936995875616514429e+00,nan,nan,nan,nan,nan,3.545386163830859694e+00,3.451343355447401784e+00,nan,3.239762672423553536e+00,nan,nan,nan,2.728022494840533163e+00,nan,nan,2.274241320457706994e+00,nan,nan,nan,nan,1.408564226537105446e+00,1.222162768835427960e+00,nan,nan,nan,nan
nan,nan,nan,nan,-5.536673565201702951e-01,nan,-5.457508324463967719e-01,nan,nan,nan,nan,nan,nan,-4.316878957408532558e-01,-4.039855909651636212e-01,nan,nan,nan,-2.643895722514069679e-01,nan,nan,-1.301293792520554216e-01,-7.997201563968794891e-02,-2.721537592593380184e-02,nan,nan,nan,nan,nan,nan,nan,4.777739909712421795e-01,5.496055257104108804e-01,nan,6.976091935691937085e-01,7.734736632750718321e-01,nan,nan,1.006545687168330927e+00,nan,1.164742261690905778e+00,nan,nan,nan,1.481195915102068161e+00,nan,nan,nan,nan,1.860652065058041593e+00,nan,nan,2.070061150721785204e+00,nan,nan,nan,nan,2.371394844045432215e+00,nan,nan,nan,nan,nan,nan,2.654716631367175506e+00,2.679203045580595077e+00,nan,nan,nan,nan,nan,2.729943527660207980e+00,2.721534217540094058e+00,nan,nan,nan,nan,nan,2.565206943186606914e+00,nan,nan,nan,nan,nan,nan,nan,nan,nan,1.909420686415137736e+00,1.818986393541420554e+00,nan,1.626295995321711541e+00,nan,nan,nan,nan,nan,nan,nan,nan,nan,4.781246429128094833e-01,nan,nan,nan,nan,-1.602208566596885209e-01,-2.886419835444508641e-01,-4.166220959039889093e-01,nan,nan,nan,nan,-1.039290681493566071e+00,nan,-1.274642205404281414e+00,nan,-1.498548546896103506e+00,nan,nan,-1.807859946951336338e+00,nan,nan,-2.078666558953156773e+00,nan,nan,-2.304040635315839136e+00,nan,nan,-2.477812135326006082e+00,nan,nan,-2.594725881843944038e+00,nan,-2.638959841091763625e+00,nan,-2.655075443879761021e+00,-2.652356709035887938e+00,nan,-2.625041940878047875e+00,nan,nan,nan,-2.482136560532363756e+00,nan,nan,nan,-2.222586661526247731e+00,-2.139981074335533862e+00,nan,nan,nan,nan,nan,nan,nan,nan,-1.108102333636391990e+00,nan,nan,nan,nan,nan,nan,nan,1.498439002668834341e-01,nan,nan,6.706277951378979418e-01,8.472538329498645604e-01,nan,1.202702919835699547e+00,nan,1.558401910074759922e+00,1.735327239791221388e+00,nan,nan,nan,nan,nan,2.758076506212160162e+00,2.918260814717557050e+00,nan,3.226228930199982248e+00,nan,nan,nan,3.781936966080931661e+00,nan,nan,4.134783474295232075e+00,nan,nan,nan,nan,4.575857369922771589e+00,4.639602931075605952e+00,nan,nan,nan,nan
-1.173580760605875128e-01,nan,-7.844777996867399739e-02,nan,2.674839722885252735e-02,nan,nan,nan,nan,2.994716585661902908e-01,3.546331407003169289e-01,nan,nan,nan,nan,nan,nan,nan,nan,nan,8.747014735904028448e-01,nan,nan,nan,nan,1.082480290485897445e+00,nan,nan,nan,1.206499627323547097e+00,nan,nan,1.269232070085426933e+00,nan,1.294870328927409497e+00,nan,nan,nan,nan,1.296796610264685068e+00,nan,nan,nan,nan,nan,nan,nan,1.099954110786866890e+00,nan,nan,nan,nan,nan,nan,7.234896461743849372e-01,6.551397596964507741e-01,5.834197006531601781e-01,5.084458317878159939e-01,nan,nan,2.653133459821254148e-01,1.786842104608515336e-01,8.952838539277127583e-02,nan,nan,-1.913298136963518803e-01,nan,nan,nan,-5.897832536258541536e-01,nan,nan,nan,nan,nan,nan,nan,-1.415976885876859326e+00,nan,-1.617412497620421385e+00,nan,-1.812794258477968601e+00,-1.907584349273579116e+00,nan,-2.090113738720978720e+00,-2.177360548064264822e+00,nan,nan,nan,nan,nan,nan,nan,nan,-2.800250491747509063e+00,nan,nan,-2.926686817667719431e+00,nan,nan,nan,nan,-3.027995278517379152e+00,nan,-3.027463939614308153e+00,nan,nan,nan,nan,-2.918606316968556769e+00,nan,nan,nan,nan,nan,nan,-2.507631917158781309e+00,-2.425215629152573715e+00,nan,nan,nan,-2.040950971003350656e+00,nan,nan,nan,nan,nan,nan,nan,-1.049412943632334283e+00,nan,-7.660904973270049600e-01,nan,-4.730999732799950896e-01,nan,nan,nan,1.317013433031291036e-01,2.848755892251569888e-01,nan,nan,nan,nan,nan,1.193638109363817534e+00,nan,nan,nan,nan,1.898325295789806910e+00,2.029294988272072331e+00,2.156146514264180691e+00,2.278550694209772409e+00,nan,nan,2.615903485494393443e+00,2.717387047309170356e+00,nan,2.902184398553762090e+00,nan,nan,nan,3.191907423325643922e+00,nan,nan,3.332296219261626113e+00,nan,nan,nan,nan,nan,nan,nan,nan,nan,3.270203956394443612e+00,nan,3.156259995507575411e+00,nan,nan,nan,nan,2.726884437092467195e+00,nan,nan,2.375550449514020279e+00,2.243949183995167296e+00,2.105494447695126059e+00,nan,1.809089031398062764e+00,nan,nan,nan,1.146683151211012719e+00,nan,nan,5.996347216900204113e-01,4.097040280035872950e-01,nan,2.088986606729242856e-02,nan
6.896159377741215568e-01,nan,7.223709519830998627e-01,nan,7.201089973897354390e-01,nan,nan,nan,nan,7.600397096725171053e-01,7.762711880021834210e-01,nan,nan,nan,nan,nan,nan,nan,nan,nan,1.096154743322023339e+00,nan,nan,nan,nan,1.359566642487950894e+00,nan,nan,nan,1.612947714679163536e+00,nan,nan,1.823381879620316726e+00,nan,1.971385547479099554e+00,nan,nan,nan,nan,2.359259500582547631e+00,nan,nan,nan,nan,nan,nan,nan,2.986200543371925420e+00,nan,nan,nan,nan,nan,nan,3.472491388791588918e+00,3.532946789860918368e+00,3.590568254011241134e+00,3.645171197955337838e+00,nan,nan,3.789097146882619782e+00,3.829882626882697760e+00,3.866808076865465349e+00,nan,nan,3.952979399490500700e+00,nan,nan,nan,4.005775211000026204e+00,nan,nan,nan,nan,nan,nan,nan,3.877723574004977358e+00,nan,3.795187680649146245e+00,nan,3.692575744918427549e+00,3.633863832268949601e+00,nan,3.501984574667282857e+00,3.428997885747889551e+00,nan,nan,nan,nan,nan,nan,nan,nan,2.584193003992019122e+00,nan,nan,2.241017158680449040e+00,nan,nan,nan,nan,1.625702258416043211e+00,nan,1.370524374482001484e+00,nan,nan,nan,nan,7.299173305993333916e-01,nan,nan,nan,nan,nan,nan,-1.143972956078635889e-01,-2.247721929861979384e-01,nan,nan,nan,-6.289866606311611541e-01,nan,nan,nan,nan,nan,nan,nan,-1.204035781416100681e+00,nan,-1.288578166733398422e+00,nan,-1.346527078611106099e+00,nan,nan,nan,-1.378580355125982759e+00,-1.368585337056057893e+00,nan,nan,nan,nan,nan,-1.154282640897689394e+00,nan,nan,nan,nan,-7.767344332218020231e-01,-6.805409321362254627e-01,-5.777827069010967875e-01,-4.686350237747601843e-01,nan,nan,-1.048535892188314222e-01,2.777403490746582770e-02,nan,3.085775462255664348e-01,nan,nan,nan,9.243713923751327721e-01,nan,nan,1.423620254176788613e+00,nan,nan,nan,nan,nan,nan,nan,nan,nan,3.184865569477403735e+00,nan,3.531253712673600553e+00,nan,nan,nan,nan,4.348217665151409506e+00,nan,nan,4.788881974854140466e+00,4.925232101050768030e+00,5.055713319990836396e+00,nan,5.297703521361856183e+00,nan,nan,nan,5.696938661539817872e+00,nan,nan,5.913379284985509798e+00,5.968437382444379047e+00,nan,6.051743516617098528e+00,nan
4.383109943393316277e-01,nan,nan,nan,nan,nan,nan,7.683383810140611558e-01,nan,nan,nan,nan,nan,nan,nan,1.204629430422899272e+00,nan,nan,nan,1.406560319921364099e+00,nan,nan,nan,nan,1.624120159536535990e+00,nan,nan,nan,1.758551667101127647e+00,nan,1.809482909162639652e+00,nan,nan,nan,nan,1.881511184716147422e+00,nan,1.886066075081487492e+00,nan,1.875779480923775333e+00,1.864917037067917116e+00,nan,nan,nan,nan,1.751856559092046517e+00,1.717372608440960624e+00,nan,nan,nan,nan,nan,nan,1.367345997062527463e+00,nan,nan,nan,nan,nan,9.282346359166978589e-01,nan,nan,nan,5.770015102292564979e-01,4.833190280233453651e-01,3.876530569627386069e-01,nan,1.911656637275424564e-01,9.075953179880513755e-02,-1.080038296676365250e-02,nan,nan,nan,nan,nan,nan,nan,nan,nan,nan,nan,nan,-1.328601478614488185e+00,-1.421123872745516437e+00,nan,-1.598377677405174113e+00,nan,nan,nan,-1.915005398931126868e+00,nan,nan,nan,-2.169080732343019235e+00,nan,nan,nan,-2.347703947008628500e+00,-2.379270894679476722e+00,nan,nan,-2.440287247426275119e+00,nan,nan,nan,nan,nan,-2.401777442498632897e+00,nan,-2.339623446309465837e+00,nan,nan,nan,-2.141034411215397615e+00,-2.076155515710790045e+00,nan,nan,nan,nan,nan,nan,-1.461968100344259724e+00,-1.353072321794973165e+00,nan,nan,nan,nan,nan,-6.077167079779899339e-01,nan,-3.301294708675974743e-01,-1.871076266679139177e-01,-4.166659059481081506e-02,nan,nan,nan,5.579584107040649332e-01,nan,nan,1.017133013404694308e+00,nan,nan,nan,nan,nan,nan,2.063075389195315967e+00,nan,nan,2.477308166448898064e+00,nan,nan,nan,2.975168630591098928e+00,nan,3.194886356153484819e+00,nan,nan,nan,3.563948024391464742e+00,nan,nan,3.770890293984735298e+00,nan,nan,nan,nan,nan,3.980446263778180338e+00,nan,3.985306517642436930e+00,3.975104293344179585e+00,nan,nan,3.893450699130198700e+00,nan,3.796434103357223311e+00,nan,3.665683428650872155e+00,nan,nan,3.407798178961086055e+00,3.305867307751558570e+00,nan,nan,nan,2.822932054654258671e+00,nan,2.539430907450507924e+00,2.388071902057154361e+00,nan,nan,nan,nan,nan,nan,nan,nan,nan,nan,4.018314761105791222e-01
1.279016264696660188e-01,nan,nan,nan,nan,nan,nan,2.236005478972618310e-01,nan,nan,nan,nan,nan,nan,nan,3.880242636470547790e-01,nan,nan,nan,5.390263552082960041e-01,nan,nan,nan,nan,7.894839355168264960e-01,nan,nan,nan,1.034084948399197179e+00,nan,1.169001238274826493e+00,nan,nan,nan,nan,1.534891332343909065e+00,nan,1.689530879330556346e+00,nan,1.846900815741479462e+00,1.926159930759743011e+00,nan,nan,nan,nan,2.320604647870362136e+00,2.397748067210533129e+00,nan,nan,nan,nan,nan,nan,2.897032136893078036e+00,nan,nan,nan,nan,nan,3.232248668048620655e+00,nan,nan,nan,3.387366392487412448e+00,3.416134300436012516e+00,3.440620714649432088e+00,nan,3.476263343411268192e+00,3.487199918337130278e+00,3.493416526158957591e+00,nan,nan,nan,nan,nan,nan,nan,nan,nan,nan,nan,nan,3.121505147427881433e+00,3.057946756288216328e+00,nan,2.916639200906821383e+00,nan,nan,nan,2.580404062610257565e+00,nan,nan,nan,2.180447295553751719e+00,nan,nan,nan,1.728658473839380427e+00,1.609260911825971085e+00,nan,nan,1.239542311981646661e+00,nan,nan,nan,nan,nan,4.727756855243863132e-01,nan,2.175586457582648348e-01,nan,nan,nan,-2.778730124247290045e-01,-3.968308995869604394e-01,nan,nan,nan,nan,nan,nan,-1.141345345472229766e+00,-1.231699976865118229e+00,nan,nan,nan,nan,nan,-1.664549096656081195e+00,nan,-1.761913594640666325e+00,-1.800936851574467257e+00,-1.833308212775107471e+00,nan,nan,nan,-1.893657774810924899e+00,nan,nan,-1.863624271809211974e+00,nan,nan,nan,nan,nan,nan,-1.536785581727317274e+00,nan,nan,-1.289093118062870857e+00,nan,nan,nan,-8.656483410776162346e-01,nan,-6.172122740599002011e-01,nan,nan,nan,-5.615692287818219164e-02,nan,nan,4.120127075340639378e-01,nan,nan,nan,nan,nan,1.432045464206734176e+00,nan,1.786162793010767524e+00,1.964120588904535669e+00,nan,nan,2.496744908860057510e+00,nan,2.846693997083325822e+00,nan,3.188700017901982875e+00,nan,nan,3.679678483786393617e+00,3.835858980310340893e+00,nan,nan,nan,4.412873416209699862e+00,nan,4.667622646656962360e+00,4.785344836520788014e+00,nan,nan,nan,nan,nan,nan,nan,nan,nan,nan,5.567307207994804941e+00
nan,-7.555990616614296496e-01,nan,nan,nan,nan,nan,nan,-3.815401454656479063e-01,nan,nan,nan,-1.614279161640157501e-01,nan,nan,-2.258824628520242350e-04,nan,1.031151037181340657e-01,nan,2.017050070356128377e-01,nan,nan,nan,nan,4.192648466507846727e-01,nan,nan,5.239613214881564396e-01,nan,5.806271850968859338e-01,nan,nan,6.433596278587659922e-01,nan,nan,nan,nan,nan,nan,nan,nan,nan,6.266688212290023596e-01,nan,nan,nan,nan,nan,nan,3.854570198478400878e-01,nan,nan,2.237917862620146248e-01,nan,9.761720394772356590e-02,2.926731746978934734e-02,-4.245274157350122091e-02,nan,nan,nan,nan,-4.471882317658098516e-01,-5.363440568338900816e-01,nan,nan,nan,nan,-1.013689649158209471e+00,nan,nan,-1.318145972325606374e+00,-1.421337742310514018e+00,nan,nan,-1.732762486928297596e+00,nan,nan,-2.041849328103520822e+00,nan,nan,nan,nan,nan,nan,-2.715986180947640438e+00,nan,nan,nan,nan,nan,nan,-3.255571113724075705e+00,nan,-3.373936045228771885e+00,-3.426122933974170781e+00,-3.473401687991431341e+00,nan,nan,-3.584126207565229372e+00,nan,nan,nan,nan,-3.656624721490152385e+00,nan,nan,nan,-3.606632755384385547e+00,-3.578666868299581694e+00,nan,nan,-3.457483115786835981e+00,nan,nan,-3.281010828596542694e+00,nan,-3.133504359385443028e+00,nan,nan,nan,nan,nan,nan,-2.444277091429788662e+00,nan,nan,nan,nan,nan,-1.675285385858995557e+00,nan,nan,-1.246521903480563020e+00,nan,nan,-7.988304934834136173e-01,nan,nan,nan,-1.877222994810578693e-01,nan,nan,nan,nan,nan,nan,8.582200763095635399e-01,nan,nan,nan,1.403422546045411057e+00,nan,nan,nan,nan,nan,nan,nan,nan,nan,2.435127118106269251e+00,2.504181144554274319e+00,nan,2.620483678415893802e+00,2.667337755768877550e+00,nan,2.737584892961149041e+00,2.760681348093309229e+00,nan,nan,nan,2.770248980458427379e+00,nan,2.724340004087157041e+00,2.688595386244446495e+00,nan,nan,nan,2.460828115765119950e+00,nan,2.296985674458791760e+00,nan,nan,nan,nan,1.749678007287359893e+00,nan,nan,1.334575594564756162e+00,nan,1.025840831085639504e+00,8.627603581026812574e-01,nan,nan,nan,nan,nan,nan,nan,-6.049825761593679019e-01,nan
nan,-3.772090962508283241e-01,nan,nan,nan,nan,nan,nan,-3.577323568530295095e-01,nan,nan,nan,-2.870726852844574517e-01,nan,nan,-2.039647640597535283e-01,nan,-1.341473007896503977e-01,nan,-5.296267249851233788e-02,nan,nan,nan,nan,1.974949078100181610e-01,nan,nan,3.776224546097347035e-01,nan,5.086000021312865327e-01,nan,nan,7.190341670724397227e-01,nan,nan,nan,nan,nan,nan,nan,nan,nan,1.492900917845137121e+00,nan,nan,nan,nan,nan,nan,2.030080706420070324e+00,nan,nan,2.239489792083813935e+00,nan,2.368143676243712026e+00,2.428599077313041477e+00,2.486220541463364242e+00,nan,nan,nan,nan,2.725534914334820868e+00,2.762460364317588457e+00,nan,nan,nan,nan,2.884274315704459912e+00,nan,nan,2.902839315887012273e+00,2.899372169022236712e+00,nan,nan,2.859121607535255905e+00,nan,nan,2.773375861457100910e+00,nan,nan,nan,nan,nan,nan,2.397636862119406409e+00,nan,nan,nan,nan,nan,nan,1.795724636683739828e+00,nan,1.588458267846942773e+00,1.479845291444142008e+00,1.368192786239039727e+00,nan,nan,1.017271884119162140e+00,nan,nan,nan,nan,3.941344159873722552e-01,nan,nan,nan,-1.192133421824227157e-01,-2.471934545419607887e-01,nan,nan,-6.254587184771067676e-01,nan,nan,-9.888199272937694406e-01,nan,-1.218745008155741161e+00,nan,nan,nan,nan,nan,nan,-1.909237917591128708e+00,nan,nan,nan,nan,nan,-2.308383493963978239e+00,nan,nan,-2.425297240481916194e+00,nan,nan,-2.481154160292941224e+00,nan,nan,nan,-2.455613299516020032e+00,nan,nan,nan,nan,nan,nan,-2.128774609434124887e+00,nan,nan,nan,-1.784888644684101910e+00,nan,nan,nan,nan,nan,nan,nan,nan,nan,-4.960973760671697486e-01,-3.399336673147254073e-01,nan,-1.655844520035454348e-02,1.499759219296784851e-01,nan,4.909677216842500691e-01,6.646890970539153232e-01,nan,nan,nan,1.372131561197728056e+00,nan,1.727830551436788209e+00,1.904755881153249675e+00,nan,nan,nan,2.596710990195174595e+00,nan,2.927505147574188449e+00,nan,nan,nan,nan,3.684534262306264019e+00,nan,nan,4.075633618950154968e+00,nan,4.304212115657260362e+00,4.407895874422337101e+00,nan,nan,nan,nan,nan,nan,nan,4.947395804069222969e+00,nan
6.509898716363258231e-01,5.927312681072222089e-01,nan,6.962063921141942169e-01,nan,nan,nan,nan,nan,1.021929546108180986e+00,nan,nan,nan,nan,nan,1.348104447305799702e+00,1.400290897410368496e+00,1.451445433486785674e+00,nan,nan,1.597159361132393540e+00,nan,1.686293044710401867e+00,nan,1.767595176419436420e+00,nan,1.839883587564496770e+00,nan,1.902026683984028077e+00,nan,nan,1.973907083365487924e+00,nan,nan,nan,nan,2.029083861209032502e+00,nan,nan,nan,nan,nan,1.974999150997654329e+00,nan,nan,1.895331575974947169e+00,nan,1.822411998328857807e+00,nan,nan,1.683675203723581593e+00,1.629765234052051648e+00,nan,nan,1.445947533716376077e+00,nan,nan,1.230903719329807355e+00,1.152802371235187806e+00,nan,nan,nan,8.119862729347625541e-01,nan,nan,nan,nan,nan,nan,nan,nan,nan,nan,-2.805558099627090130e-01,nan,nan,nan,-6.935189983348677423e-01,nan,nan,nan,nan,nan,nan,nan,nan,nan,nan,nan,-1.771530382048226215e+00,-1.841451482856171884e+00,nan,nan,-2.025605715460118361e+00,-2.077792604205517257e+00,nan,nan,nan,nan,-2.261831951010603081e+00,-2.282209322973045129e+00,nan,nan,nan,nan,nan,nan,nan,nan,-2.196148429426564963e+00,-2.155746187207667308e+00,nan,nan,-1.997559394332496963e+00,nan,nan,-1.785174029616789726e+00,nan,nan,nan,-1.422435232092504442e+00,nan,nan,-1.095946761661135804e+00,nan,-8.552429684938328558e-01,-7.286524003838861230e-01,-5.982315665278599148e-01,nan,nan,-1.866544539846967943e-01,-4.363260978501323772e-02,1.018084262880898649e-01,nan,3.986970866825010340e-01,nan,nan,8.541592308451206872e-01,nan,1.160608030287594739e+00,1.313631181671345516e+00,nan,nan,nan,nan,nan,nan,nan,nan,2.620783183331798494e+00,nan,nan,nan,3.118643647473998914e+00,3.231196069769894486e+00,nan,nan,nan,3.624642286095753452e+00,nan,nan,nan,3.914365310867635284e+00,3.968814008184545994e+00,nan,nan,nan,nan,nan,4.130539835401032533e+00,nan,nan,4.099885144106666601e+00,nan,nan,3.992661843936434973e+00,nan,3.878717883049566773e+00,nan,nan,nan,nan,nan,3.339692512820137793e+00,3.222512097435174638e+00,nan,nan,2.827952335237117421e+00,2.682905924333407910e+00,2.531546918940054347e+00,nan,nan,2.042633125716544651e+00,nan,nan,nan,nan,1.132161915545579101e+00,nan,7.433477536092841786e-01,5.453064929934791083e-01
2.986150839850289507e-01,1.900935540609520746e-01,nan,1.829572656468645420e-01,nan,nan,nan,nan,nan,2.229946474364207509e-01,nan,nan,nan,nan,nan,3.633378862520269537e-01,3.968128683354179009e-01,4.331553495221300842e-01,nan,nan,5.591096810859268462e-01,nan,6.567592760341213198e-01,nan,7.647975581217986152e-01,nan,8.825971023246479419e-01,nan,1.009398571004169298e+00,nan,nan,1.214505282645051309e+00,nan,nan,nan,nan,1.587095846384217523e+00,nan,nan,nan,nan,nan,2.060203568156917520e+00,nan,nan,2.295918270475334033e+00,nan,2.449155481135828705e+00,nan,nan,2.669112171262745914e+00,2.738981890526635432e+00,nan,nan,2.935446326555492202e+00,nan,nan,3.108126135719241123e+00,3.159530701915281181e+00,nan,nan,nan,3.329763014629368634e+00,nan,nan,nan,nan,nan,nan,nan,nan,nan,nan,3.444862112739122573e+00,nan,nan,nan,3.340678511768881087e+00,nan,nan,nan,nan,nan,nan,nan,nan,nan,nan,nan,2.555717685215229462e+00,2.461286283331083347e+00,nan,nan,2.155760918158723616e+00,2.047147941755922851e+00,nan,nan,nan,nan,1.463083031058921790e+00,1.339755164330009851e+00,nan,nan,nan,nan,nan,nan,nan,nan,1.928722683632367318e-01,6.668229719402873901e-02,nan,nan,-3.025593898197571074e-01,nan,nan,-6.514423578439600959e-01,nan,nan,nan,-1.071128655277527653e+00,nan,nan,-1.341935267279348087e+00,nan,-1.497630953408035426e+00,-1.567309343642030894e+00,-1.631246567512784074e+00,nan,nan,-1.786599972035694428e+00,-1.825623228969495360e+00,-1.857994590170135574e+00,nan,-1.902228549417955605e+00,nan,nan,-1.915625417362079919e+00,nan,-1.888310649204240077e+00,-1.863634443244131411e+00,nan,nan,nan,nan,nan,nan,nan,nan,-1.313779495457898960e+00,nan,nan,nan,-8.903347184726444485e-01,-7.689996360136688303e-01,nan,nan,nan,-2.284675160105306968e-01,nan,nan,nan,3.873263301390356128e-01,5.507442051114248560e-01,nan,nan,nan,nan,nan,1.583985124623672247e+00,nan,nan,2.117455356750915119e+00,nan,nan,2.647820507241306576e+00,nan,2.994208650437503394e+00,nan,nan,nan,nan,nan,3.962960221873789823e+00,4.109972977273474548e+00,nan,nan,4.518668257754739237e+00,4.642936269261934257e+00,4.760658459125759912e+00,nan,nan,5.071417284614222254e+00,nan,nan,nan,nan,5.431392320208282776e+00,nan,5.514698454381002257e+00,5.542620830599776838e+00
3.866101958675001726e-01,nan,nan,4.954077117123092400e-01,nan,nan,6.563373115086204024e-01,7.110147174950767202e-01,nan,nan,nan,9.313321978433010129e-01,9.861037332027511315e-01,nan,1.094242779015186517e+00,nan,1.199492217008483630e+00,nan,1.300613526185022462e+00,1.349236656402379664e+00,nan,1.441831005809006694e+00,nan,nan,nan,1.604139497626003275e+00,1.639084907162611904e+00,nan,nan,nan,1.752159245643655217e+00,1.773108402963603059e+00,nan,nan,nan,nan,nan,nan,nan,nan,nan,1.792853846720993571e+00,1.774200470595769241e+00,nan,1.725052667574622722e+00,nan,nan,1.621613317926972719e+00,nan,nan,nan,nan,nan,nan,nan,nan,1.105078907793266119e+00,nan,nan,nan,nan,nan,nan,nan,nan,nan,nan,nan,nan,nan,nan,nan,-3.774655522482585068e-01,-4.813544903645942674e-01,nan,nan,-7.919615784867107822e-01,nan,-9.956657963564473635e-01,nan,nan,nan,nan,-1.478447536264500872e+00,nan,nan,nan,-1.820953697445125696e+00,nan,nan,nan,nan,nan,nan,nan,nan,nan,nan,nan,nan,-2.483008003374930439e+00,nan,nan,nan,-2.505804732474201657e+00,nan,-2.480851431754207415e+00,nan,nan,nan,nan,-2.309951466420067767e+00,nan,-2.198358074734382051e+00,nan,nan,-1.985972710018674814e+00,nan,-1.815530395155230181e+00,nan,nan,nan,nan,nan,nan,nan,-9.294510807857710999e-01,-7.990302469297447807e-01,-6.650403714969741475e-01,nan,-3.874531343865816879e-01,nan,nan,4.855923386011173903e-02,nan,nan,5.006347471850807196e-01,nan,8.065347963652637064e-01,nan,1.112832501269460872e+00,nan,nan,1.566839858337339297e+00,1.715297316503924030e+00,nan,nan,nan,nan,2.419984502929913628e+00,nan,nan,2.800209901349878905e+00,2.917844967072114049e+00,3.030397389368009620e+00,nan,nan,nan,nan,nan,nan,3.651712793921041644e+00,nan,3.768015327782661128e+00,nan,nan,nan,nan,nan,nan,3.927982854123452050e+00,nan,nan,nan,nan,nan,3.739110439838238431e+00,nan,nan,3.530522407883305736e+00,nan,nan,3.248543644232573691e+00,nan,nan,nan,2.765608391135273791e+00,nan,nan,nan,nan,nan,nan,1.668342358351119437e+00,nan,1.307695386531804838e+00,1.121293928830127351e+00,9.313632351436942347e-01,nan,nan,nan
6.889371378081664554e-01,nan,nan,6.391917204667457719e-01,nan,nan,6.472149140472936990e-01,6.551486253221152634e-01,nan,nan,nan,7.145309086287854328e-01,7.364644198472043435e-01,nan,7.889801555285269608e-01,nan,8.530473231552991864e-01,nan,9.285761742422836695e-01,9.705744326331494642e-01,nan,1.062836367241635216e+00,nan,nan,nan,1.278756035071735742e+00,1.338831557144529283e+00,nan,nan,nan,1.600549315699679953e+00,1.670739737464932873e+00,nan,nan,nan,nan,nan,nan,nan,nan,nan,2.437101388569163252e+00,2.516438022976799527e+00,nan,2.674161661595759298e+00,nan,nan,2.905389935955710712e+00,nan,nan,nan,nan,nan,nan,nan,nan,3.509757646595026426e+00,nan,nan,nan,nan,nan,nan,nan,nan,nan,nan,nan,nan,nan,nan,nan,3.914499964033784973e+00,3.901096567559004580e+00,nan,nan,3.830577357888819812e+00,nan,3.758172689680297829e+00,nan,nan,nan,nan,3.489494833713070232e+00,nan,nan,nan,3.188665720782879909e+00,nan,nan,nan,nan,nan,nan,nan,nan,nan,nan,nan,nan,1.795989619149892302e+00,nan,nan,nan,1.289713767065787220e+00,nan,1.032744889834003033e+00,nan,nan,nan,nan,3.980783866545564709e-01,nan,1.536750650001252327e-01,nan,nan,-1.952079030240778668e-01,nan,-4.125111343262556352e-01,nan,nan,nan,nan,nan,nan,nan,-1.111074888822148221e+00,-1.175012112692901400e+00,-1.233001019231226625e+00,nan,-1.330365517215811755e+00,nan,nan,-1.427337686027320363e+00,nan,nan,-1.462109697386070106e+00,nan,-1.449395944472272157e+00,nan,-1.407399988424248516e+00,nan,nan,-1.289170814038672841e+00,-1.235093248313903658e+00,nan,nan,nan,nan,-8.575450406380161761e-01,nan,nan,-5.494456311909742263e-01,-4.341002636527614977e-01,-3.127651811937858239e-01,nan,nan,nan,nan,nan,nan,6.836034378169371095e-01,nan,1.006978659931307973e+00,nan,nan,nan,nan,nan,nan,2.217710870435622095e+00,nan,nan,nan,nan,nan,3.278242074508180615e+00,nan,nan,3.787249317827023454e+00,nan,nan,4.267407057735195686e+00,nan,nan,nan,4.844421493634555098e+00,nan,nan,nan,nan,nan,nan,5.616128054123604940e+00,nan,5.768823116416462504e+00,5.832568677569296867e+00,5.887626775028166115e+00,nan,nan,nan
nan,nan,-7.372623909723433067e-02,-2.152995455635688810e-02,nan,8.515443753775450708e-02,1.393996452399542674e-01,nan,2.490538376324528402e-01,3.041931994376299020e-01,3.593546815717565401e-01,4.143945315746348501e-01,nan,nan,nan,nan,nan,nan,nan,8.322989901337134455e-01,8.794230144618424561e-01,nan,nan,nan,nan,1.087201831357337056e+00,nan,nan,1.184290337313476993e+00,1.211221168194986708e+00,nan,nan,1.273953610956866545e+00,nan,nan,1.307249854928496768e+00,nan,nan,1.308549508544563533e+00,nan,nan,nan,nan,nan,1.208115001305956504e+00,nan,1.143111278653309970e+00,1.104675651658306501e+00,1.062311157442163090e+00,1.016051002945941084e+00,9.659388570530301754e-01,nan,8.543857693601156766e-01,7.930846672748768089e-01,nan,6.598613005678903853e-01,nan,nan,nan,nan,2.700348868535650260e-01,1.834057513322911448e-01,9.424992626421088704e-02,2.740180441605649664e-03,nan,-1.866082728249122691e-01,-2.840607997134904084e-01,nan,nan,nan,nan,-7.907437592124131331e-01,nan,-9.982921566332606522e-01,-1.102168503830196489e+00,-1.205786894400578735e+00,nan,nan,-1.512603462625113915e+00,nan,-1.711264901611775135e+00,nan,nan,nan,nan,nan,nan,nan,-2.415427706701752442e+00,nan,nan,nan,-2.686428082894090075e+00,-2.743342062130670111e+00,nan,nan,-2.885006902728688427e+00,nan,nan,nan,-2.999945669643596879e+00,nan,-3.023273737645939097e+00,nan,nan,nan,nan,nan,nan,nan,nan,nan,nan,-2.715295741003048491e+00,-2.650416845498440921e+00,nan,nan,nan,nan,nan,nan,nan,nan,nan,-1.695489966916392310e+00,-1.572979315164384273e+00,nan,-1.315967913198411443e+00,nan,nan,nan,nan,-6.159279203824618021e-01,nan,nan,-1.682365103853123711e-01,nan,nan,nan,nan,nan,7.483121064750573037e-01,nan,nan,nan,nan,1.488814059407664869e+00,nan,1.768294730155764993e+00,1.903046836661246966e+00,2.034016529143512386e+00,nan,nan,nan,nan,nan,nan,nan,2.906905939425202146e+00,2.989686694603813422e+00,3.065721101204370580e+00,nan,nan,nan,nan,nan,nan,nan,nan,nan,nan,nan,nan,3.354933987185257926e+00,nan,nan,nan,nan,3.091422098863220835e+00,nan,2.927579657556892645e+00,nan,nan,nan,2.504775750764623332e+00,nan,2.248670724866607351e+00,2.110215988566566114e+00,nan,nan,1.656434814183739945e+00,nan,1.324896779045993123e+00,nan,nan,7.907577202631380642e-01,nan,nan,nan,nan,-1.724298536770725587e-01
nan,nan,-4.780853379246943757e-01,-4.804539620248331477e-01,nan,-4.776945542819888146e-01,-4.724307684442853317e-01,nan,-4.538409342129468005e-01,-4.404165802352770220e-01,-4.241851019056107064e-01,-4.051147738627935979e-01,nan,nan,nan,nan,nan,nan,nan,-1.490712498584296497e-01,-1.043015465857708990e-01,nan,nan,nan,nan,1.591103525801565999e-01,nan,nan,3.459873433324716085e-01,4.124914247713692417e-01,nan,nan,6.229255897125224317e-01,nan,nan,8.467937272771833834e-01,nan,nan,1.079865751170442367e+00,nan,nan,nan,nan,nan,1.554515979104179602e+00,nan,1.709650462143807559e+00,1.785744253464131237e+00,1.860585750174247543e+00,1.933972129060153033e+00,2.005700943591048446e+00,nan,2.143381214723896644e+00,2.208934531826352465e+00,nan,2.332490499953124186e+00,nan,nan,nan,nan,2.588640856974825599e+00,2.629426336974903577e+00,2.666351786957671166e+00,2.699268787420686877e+00,nan,2.752523109582706518e+00,2.772604319781072579e+00,nan,nan,nan,nan,2.803263591662319421e+00,nan,2.781450885067425105e+00,2.763013030175338614e+00,2.739512144328125398e+00,nan,nan,2.638527007188718354e+00,nan,2.545913592816959170e+00,nan,nan,nan,nan,nan,nan,nan,1.982740750417249176e+00,nan,nan,nan,1.597710316279862486e+00,1.492349690487025926e+00,nan,nan,1.157614878043076612e+00,nan,nan,nan,6.763439366583121615e-01,nan,4.252459685082488061e-01,nan,nan,nan,nan,nan,nan,nan,nan,nan,nan,-9.659706174914548527e-01,-1.084928504653686288e+00,nan,nan,nan,nan,nan,nan,nan,nan,nan,-2.085841099257073505e+00,-2.161042181079732227e+00,nan,-2.294657795184480875e+00,nan,nan,nan,nan,-2.521405817841832597e+00,nan,nan,-2.577262737652857627e+00,nan,nan,nan,nan,nan,-2.494998239562585152e+00,nan,nan,nan,nan,-2.224883186794041290e+00,nan,-2.066661010333421977e+00,-1.977190723129595096e+00,-1.880997222044018535e+00,nan,nan,nan,nan,nan,nan,nan,-8.918787436822268599e-01,-7.442545279449066520e-01,-5.922059534270864845e-01,nan,nan,nan,nan,nan,nan,nan,nan,nan,nan,nan,nan,1.631721974076871806e+00,nan,nan,nan,nan,2.500602412835258193e+00,nan,2.831396570214272046e+00,nan,nan,nan,3.446561749601778857e+00,nan,3.724775811142975179e+00,3.855257030083043546e+00,nan,nan,4.208103538297343960e+00,nan,4.408006056942526563e+00,nan,nan,4.649177433924883474e+00,nan,nan,nan,nan,4.879209602928081146e+00
nan,-3.620062872123831488e-01,nan,nan,nan,nan,nan,nan,nan,6.719199078857568397e-02,1.223534729227023221e-01,nan,2.321648582850307507e-01,nan,3.403039040974660812e-01,nan,4.455533420907633047e-01,nan,nan,nan,6.424218058127884046e-01,nan,7.315554893907968426e-01,7.732603987674294688e-01,nan,nan,nan,9.175540959372030514e-01,9.472891286644229414e-01,9.742199595459325456e-01,nan,nan,nan,1.051460179846835929e+00,nan,nan,nan,1.074803536644782787e+00,nan,1.064516942487070628e+00,nan,1.038914971803273302e+00,nan,nan,nan,nan,nan,8.676744430092521165e-01,8.253099487931087053e-01,nan,nan,6.750276787324459571e-01,6.173845607110614031e-01,nan,nan,4.228600919188360563e-01,3.511400328755455158e-01,nan,nan,nan,nan,nan,nan,-2.342610282074486516e-01,nan,nan,nan,nan,-7.205030066379001230e-01,-8.220629214034689269e-01,-9.245531978765598735e-01,-1.027744967861467407e+00,nan,nan,nan,nan,nan,-1.648256553654473988e+00,nan,nan,-1.948266110260829631e+00,-2.045073926255583263e+00,nan,nan,nan,nan,-2.493885612297927601e+00,-2.574892572362846632e+00,nan,nan,nan,-2.861978339275028649e+00,-2.923429291543144792e+00,nan,-3.032530159525123725e+00,-3.079808913542384285e+00,-3.122008111377743145e+00,nan,nan,-3.216569506330209549e+00,-3.236946878292651597e+00,-3.251549785862980713e+00,nan,nan,-3.259743607391922815e+00,nan,-3.234790306671928573e+00,-3.213039980935338491e+00,nan,nan,nan,nan,nan,nan,-2.887418054147495639e+00,-2.816590207755966802e+00,nan,nan,nan,-2.475976086513627106e+00,-2.377172787412110466e+00,nan,-2.164334860231678537e+00,nan,nan,nan,-1.683389955703491925e+00,nan,nan,nan,nan,nan,nan,nan,-5.560404686371047678e-01,nan,nan,nan,5.259592144754282605e-02,nan,nan,nan,6.627658638919649015e-01,nan,nan,1.107780999680162193e+00,nan,nan,nan,nan,nan,nan,nan,2.163906092154393335e+00,2.276458514450288906e+00,nan,2.485107379531556138e+00,nan,nan,nan,nan,nan,nan,nan,nan,nan,nan,nan,3.169183725341475188e+00,nan,nan,nan,nan,nan,3.082188160693493550e+00,3.037924288616829838e+00,nan,2.923980327729961637e+00,nan,nan,2.690578448907838816e+00,nan,nan,nan,nan,2.143270781736406505e+00,nan,nan,nan,nan,nan,1.256353132551728091e+00,nan,nan,nan,5.537565116140844568e-01,nan,1.774243602259738262e-01,nan,nan,nan
nan,-4.181494996998960656e-01,nan,nan,nan,nan,nan,nan,nan,-3.852484063244274171e-01,-3.690169279947611014e-01,nan,-3.280130887335251377e-01,nan,-2.754973530522025205e-01,nan,-2.114301854254302671e-01,nan,nan,nan,-4.913337267492127319e-02,nan,4.851622227327317960e-02,1.012728619870273267e-01,nan,nan,nan,3.366820511606670174e-01,4.011555172433212135e-01,4.676595986822188467e-01,nan,nan,nan,7.514223862129052467e-01,nan,nan,nan,1.056601448174680158e+00,nan,1.213971384585603275e+00,nan,1.372623879988433382e+00,nan,nan,nan,nan,nan,1.840912427374980842e+00,1.915753924085097148e+00,nan,nan,2.130738836765787791e+00,2.198549388634746471e+00,nan,nan,2.387658673863974013e+00,2.445280138014296778e+00,nan,nan,nan,nan,nan,nan,2.754436961331536704e+00,nan,nan,nan,nan,2.854270487181254534e+00,2.860487095003081848e+00,2.861898912437944809e+00,2.858431765573169248e+00,nan,nan,nan,nan,nan,2.732435458008033446e+00,nan,nan,2.601081766727808997e+00,2.547287628921483638e+00,nan,nan,nan,nan,2.206166471033627285e+00,2.124188212202150261e+00,nan,nan,nan,1.754784233234672364e+00,1.652878490190711869e+00,nan,1.438904887995074544e+00,1.327252382789972263e+00,1.212783051953925995e+00,nan,nan,8.548399772980734834e-01,7.315121105691615444e-01,6.066128808257702509e-01,nan,nan,2.252362584850563787e-01,nan,-3.173261874672780869e-02,-1.601537456314901520e-01,nan,nan,nan,nan,nan,nan,-1.029760330742836905e+00,-1.146153967491320813e+00,nan,nan,nan,-1.580185479718695163e+00,-1.679371709038375737e+00,nan,-1.864629408020994417e+00,nan,nan,nan,-2.175552397402878757e+00,nan,nan,nan,nan,nan,nan,nan,-2.510471603178803246e+00,nan,nan,nan,-2.513873453053002471e+00,nan,nan,nan,-2.400413784067112921e+00,nan,nan,-2.238235636602738943e+00,nan,nan,nan,nan,nan,nan,nan,-1.498577772233492089e+00,-1.377242689774516471e+00,nan,-1.117514081089479028e+00,nan,nan,nan,nan,nan,nan,nan,nan,nan,nan,nan,7.991160330508582099e-01,nan,nan,nan,nan,nan,1.863815477704181323e+00,2.039577453480458935e+00,nan,2.385965596676655753e+00,nan,nan,2.886564744125120541e+00,nan,nan,nan,nan,3.643593858857196111e+00,nan,nan,nan,nan,nan,4.366955470973268305e+00,nan,nan,nan,4.704345607835731080e+00,nan,4.823149266447434691e+00,nan,nan,nan
-7.022507304338689860e-01,nan,nan,nan,nan,nan,nan,-4.170133021822247654e-01,nan,nan,-2.517356718368787827e-01,nan,-1.419242864745503541e-01,-8.757029723096880491e-02,nan,1.927774722661337176e-02,nan,nan,nan,nan,nan,nan,nan,nan,nan,nan,nan,nan,nan,nan,nan,6.450803832863015730e-01,nan,nan,nan,6.961595015198618341e-01,nan,nan,6.974591551359283770e-01,nan,nan,nan,nan,nan,nan,5.665048758957602626e-01,nan,nan,nan,nan,nan,nan,2.432954159514800208e-01,nan,nan,nan,nan,nan,-1.760243288439995446e-01,nan,nan,-4.276846020763444556e-01,-5.168404271444246856e-01,nan,-7.020326551729411113e-01,-7.976986262335479250e-01,-8.951511531221261198e-01,-9.941860194687441865e-01,-1.094592151397481450e+00,-1.196152066163050254e+00,-1.298642342636141089e+00,nan,-1.505493571925560659e+00,-1.609382510041896364e+00,nan,-1.816877247809214557e+00,nan,nan,-2.123693816033750181e+00,nan,nan,nan,nan,nan,nan,-2.783729360601461256e+00,nan,nan,nan,nan,nan,nan,nan,nan,nan,-3.453898058301966056e+00,nan,-3.533055630204915865e+00,nan,nan,-3.611036023052233368e+00,nan,nan,nan,nan,-3.624435455543363105e+00,-3.608879451431510343e+00,nan,-3.559163238610116409e+00,nan,nan,nan,-3.385232885471874287e+00,nan,nan,-3.190679352515548572e+00,nan,nan,-2.943558414832533110e+00,nan,nan,nan,nan,nan,nan,nan,-2.057479100463073696e+00,nan,-1.793068391174276854e+00,nan,nan,nan,nan,-1.079468785817190968e+00,nan,-7.793268637939483323e-01,nan,-4.746674692340668300e-01,-3.214932233120389449e-01,nan,nan,nan,2.886767191323831305e-01,nan,5.872692968266214342e-01,7.336918549205803108e-01,nan,1.019011334357588394e+00,nan,nan,nan,nan,nan,nan,nan,nan,nan,nan,nan,2.378596341195177377e+00,nan,2.523684774243739604e+00,nan,nan,2.686841385458342835e+00,2.725927406724430568e+00,nan,2.780184977782774514e+00,nan,nan,2.799954834446150009e+00,nan,nan,nan,nan,nan,2.611082420160936390e+00,nan,2.480331745454585235e+00,2.402494388206003695e+00,nan,2.222446495764799135e+00,2.120515624555271650e+00,nan,1.893685397355987954e+00,nan,nan,nan,nan,nan,nan,8.822639877921463203e-01,nan,nan,3.621445406497620922e-01,nan,nan,nan,nan,nan,-7.835202070857079093e-01
-3.685767315427034285e-01,nan,nan,nan,nan,nan,nan,-3.109877062120878222e-01,nan,nan,-2.706757509482347612e-01,nan,-2.296719116869987976e-01,-2.048584807813658148e-01,nan,-1.465639904622948742e-01,nan,nan,nan,nan,nan,nan,nan,nan,nan,nan,nan,nan,nan,nan,nan,7.046034059307296760e-01,nan,nan,nan,1.000303078234559218e+00,nan,nan,1.233375102127818312e+00,nan,nan,nan,nan,nan,nan,1.786016393761012511e+00,nan,nan,nan,nan,nan,nan,2.296890565681272367e+00,nan,nan,nan,nan,nan,2.649628825200959437e+00,nan,nan,2.782935687932279301e+00,2.819861137915046889e+00,nan,2.881546046326662669e+00,2.906032460540082241e+00,2.926113670738448302e+00,2.941675089301918344e+00,2.952611664227780430e+00,2.958828272049607744e+00,2.960240089484470705e+00,nan,2.948363632499581222e+00,2.934960236024800828e+00,nan,2.893021495285501121e+00,nan,nan,2.792036358146094077e+00,nan,nan,nan,nan,nan,nan,2.382050946797471536e+00,nan,nan,nan,nan,nan,nan,nan,nan,nan,1.425593559836498603e+00,nan,1.194070219730030358e+00,nan,nan,8.298532876156878846e-01,nan,nan,nan,nan,1.951708417894441605e-01,6.660855829979850373e-02,nan,-1.897926809445019125e-01,nan,nan,nan,-6.912399083420572854e-01,nan,nan,-1.047812790444794473e+00,nan,nan,-1.378647465860459942e+00,nan,nan,nan,nan,nan,nan,nan,-2.077211220356352417e+00,nan,-2.199137350765430821e+00,nan,nan,nan,nan,-2.393474017561524558e+00,nan,-2.423753386695482348e+00,nan,-2.425527294076401219e+00,-2.415532276006476131e+00,nan,nan,nan,-2.302072607020586581e+00,nan,-2.201229579848107853e+00,-2.139894459556212603e+00,nan,-1.995757246566761012e+00,nan,nan,nan,nan,nan,nan,nan,nan,nan,nan,nan,-5.907451769875314840e-01,nan,-2.825328937172669752e-01,nan,nan,2.073766955271369172e-01,3.766733152263704865e-01,nan,7.220898706513737553e-01,nan,nan,1.251574538901418343e+00,nan,nan,nan,nan,nan,2.312105742973976419e+00,nan,2.654111763792633027e+00,2.821112986292819258e+00,nan,3.145090229677043769e+00,3.301270726200991046e+00,nan,3.600071100559153692e+00,nan,nan,nan,nan,nan,nan,4.465296648019794645e+00,nan,nan,4.730463910779278969e+00,nan,nan,nan,nan,nan,5.032718953885455093e+00
nan,nan,-6.199570250897932233e-01,-5.677607405489157877e-01,nan,nan,-4.068311407526046253e-01,nan,-2.971769483601060524e-01,nan,nan,-1.318362544179240148e-01,nan,nan,nan,8.413731464268980886e-02,nan,1.874783008236758919e-01,nan,nan,3.331922284692835912e-01,3.786625535477817217e-01,nan,nan,nan,5.409710453647783579e-01,5.759164549013869872e-01,nan,nan,nan,nan,7.099399507023780309e-01,nan,7.422306025033313936e-01,nan,7.610190689359382921e-01,nan,7.655739593012782507e-01,nan,nan,7.444249212877076527e-01,7.296853944597685437e-01,nan,nan,nan,nan,nan,nan,nan,4.698202169533820527e-01,nan,nan,nan,nan,nan,nan,nan,nan,nan,-1.922574798635120208e-01,nan,nan,nan,nan,nan,nan,nan,-9.293264520526676176e-01,nan,nan,-1.233782775220064520e+00,nan,-1.440634004509484090e+00,nan,nan,nan,nan,nan,nan,-2.158921742741540584e+00,nan,-2.354303503599088021e+00,nan,-2.541615988525726788e+00,nan,nan,nan,nan,-2.961658492694311473e+00,nan,-3.105418615519282888e+00,nan,nan,nan,nan,-3.389038490885889043e+00,-3.431237688721247903e+00,nan,nan,-3.525799083673714307e+00,nan,nan,-3.569504523638498572e+00,nan,nan,nan,nan,nan,-3.494303671194039396e+00,nan,-3.419713319870778534e+00,-3.373119918681293683e+00,-3.320373318055797274e+00,nan,nan,nan,nan,nan,-2.878698847416456097e+00,nan,nan,-2.582460216124470076e+00,-2.473564437575183295e+00,nan,-2.241720752908951564e+00,nan,-1.992619533046996905e+00,nan,nan,nan,nan,-1.307599742448123825e+00,nan,nan,-8.652700459806095257e-01,nan,nan,nan,-2.566336558959619318e-01,nan,nan,2.020813204824982723e-01,3.535362865484601436e-01,nan,nan,nan,nan,nan,nan,nan,nan,1.614637269143061715e+00,1.737041449088653433e+00,1.854676514810888799e+00,nan,2.074394240373274467e+00,nan,2.271395635790180112e+00,2.360675153432643114e+00,2.443455908611254390e+00,nan,nan,nan,nan,nan,2.790786974140507581e+00,nan,nan,nan,nan,nan,nan,nan,nan,nan,nan,nan,2.614750750386456879e+00,nan,nan,nan,nan,nan,nan,nan,1.834041204392901969e+00,nan,nan,nan,nan,nan,9.471235552082233333e-01,7.786659930534347573e-01,6.051739060898944089e-01,4.270041080658391053e-01,2.445269342705797266e-01,nan,nan,nan,-5.206193790538258259e-01,nan
nan,nan,-3.831846838763027785e-01,-3.855533079764415505e-01,nan,nan,-3.775301143958937344e-01,nan,-3.589402801645551477e-01,nan,nan,-3.102141198144019452e-01,nan,nan,nan,-2.051726873712791666e-01,nan,-1.353552241011760360e-01,nan,nan,-9.400892537379232361e-03,3.809133879844775472e-02,nan,nan,nan,2.540110066285482526e-01,3.140865287013417939e-01,nan,nan,nan,nan,6.459947090217453836e-01,nan,7.911548663504472945e-01,nan,9.416943813255750362e-01,nan,1.096333928312222206e+00,nan,nan,1.332962979741408871e+00,1.412356360125975430e+00,nan,nan,nan,nan,nan,nan,nan,2.028872783108544908e+00,nan,nan,nan,nan,nan,nan,nan,nan,nan,2.639051717030286959e+00,nan,nan,nan,nan,nan,nan,nan,2.883066392392934496e+00,nan,nan,2.901631392575486856e+00,nan,2.889754935590597373e+00,nan,nan,nan,nan,nan,nan,2.689632044789744381e+00,nan,2.587020109059025685e+00,nan,2.464749805269882632e+00,nan,nan,nan,nan,2.077641404465640829e+00,nan,1.892775709707777532e+00,nan,nan,nan,nan,1.366984862927514310e+00,1.252515532091468042e+00,nan,nan,8.945724574356155312e-01,nan,nan,5.201466225566402368e-01,nan,nan,nan,nan,nan,-2.484013778534862049e-01,nan,-5.018282764292776310e-01,-6.266666417886321838e-01,-7.498486052510415778e-01,nan,nan,nan,nan,nan,-1.437256162769444234e+00,nan,nan,-1.734542296490563906e+00,-1.824896927883452369e+00,nan,-1.990940445208682519e+00,nan,-2.135819917265336709e+00,nan,nan,nan,nan,-2.394133802592801175e+00,nan,nan,-2.470739123041261198e+00,nan,nan,nan,-2.474140972915460424e+00,nan,nan,-2.400097585514194165e+00,-2.360681303929570873e+00,nan,nan,nan,nan,nan,nan,nan,nan,-1.683338342760499096e+00,-1.574190659634162603e+00,-1.458845292095949819e+00,nan,-1.210409225078233897e+00,nan,-9.398816155858892296e-01,-7.969780896338359844e-01,-6.493538738965157764e-01,nan,nan,nan,nan,nan,3.180646183173861941e-01,nan,nan,nan,nan,nan,nan,nan,nan,nan,nan,nan,2.425698076814198245e+00,nan,nan,nan,nan,nan,nan,nan,3.683326338994738158e+00,nan,nan,nan,nan,nan,4.406687951110811241e+00,4.502906710990917105e+00,4.591383025680416452e+00,4.671855213870295565e+00,4.744078087973274016e+00,nan,nan,nan,4.946187880757697108e+00,nan
nan,nan,5.322789898694575417e-01,5.844752744103349773e-01,nan,nan,nan,nan,nan,nan,9.653599105384484957e-01,nan,1.075171295900776869e+00,nan,1.183310341713212255e+00,nan,nan,nan,nan,nan,nan,nan,nan,nan,nan,nan,nan,1.760560533552949058e+00,nan,nan,nan,nan,nan,nan,1.905597098765541064e+00,nan,1.917352743505172930e+00,nan,nan,1.907523380102816635e+00,nan,nan,nan,1.840673510780934885e+00,nan,nan,1.749116507620001926e+00,nan,nan,nan,nan,nan,nan,nan,nan,nan,nan,nan,1.041071253531328455e+00,nan,nan,7.894109802989834890e-01,7.002551552309032035e-01,6.087454094082980216e-01,nan,nan,3.219444292532019913e-01,nan,nan,2.094351621227787119e-02,nan,nan,nan,nan,-4.961632748635042001e-01,-5.997816654338863351e-01,nan,nan,nan,-1.006685727782288930e+00,nan,-1.202067488639836146e+00,nan,nan,nan,nan,-1.650879174682180706e+00,nan,nan,nan,nan,nan,-2.080422853927397675e+00,nan,nan,-2.236802475926637168e+00,nan,nan,nan,-2.373563068714462432e+00,nan,nan,nan,-2.420025509425358212e+00,-2.416737169776175698e+00,nan,-2.391783869056181455e+00,nan,nan,-2.307879547130424314e+00,-2.267477304911526659e+00,nan,nan,nan,nan,nan,nan,nan,nan,-1.632969648897880210e+00,-1.534166349796363793e+00,nan,nan,nan,-1.089484737949700133e+00,nan,nan,nan,-5.759728087989486323e-01,nan,nan,nan,nan,1.376267965581372543e-01,2.869659689786416834e-01,4.377687185813798898e-01,nan,nan,nan,nan,1.201900063967486387e+00,1.354317335441749481e+00,1.505772301507711353e+00,1.655907421035364813e+00,nan,nan,nan,2.236106916732916616e+00,nan,nan,nan,nan,nan,nan,nan,nan,3.328113817147302811e+00,nan,nan,nan,3.671726330171062980e+00,nan,nan,nan,nan,3.943022989099758568e+00,3.974184105025942326e+00,nan,4.012190162957221418e+00,nan,nan,4.006848192523221108e+00,nan,nan,nan,nan,nan,3.766986765345708310e+00,nan,3.619589970581332139e+00,nan,nan,nan,nan,nan,nan,2.854675953833300195e+00,nan,nan,nan,nan,2.099359570167474764e+00,nan,nan,nan,nan,1.210361491528153755e+00,1.020430797841720638e+00,8.273770377412880128e-01,nan,nan
nan,nan,-1.568796617337494814e-01,-1.592482858338882812e-01,nan,nan,nan,nan,nan,nan,-1.029794257146657566e-01,nan,-6.197558645342977207e-02,nan,-9.459850772107161743e-03,nan,nan,nan,nan,nan,nan,nan,nan,nan,nan,nan,nan,6.027195534407623345e-01,nan,nan,nan,nan,nan,nan,1.092134933762250126e+00,nan,1.244890294903464811e+00,nan,nan,1.480008886865698647e+00,nan,nan,nan,1.797083730003009583e+00,nan,nan,2.030856138334752536e+00,nan,nan,nan,nan,nan,nan,nan,nan,nan,nan,nan,2.817325150434528691e+00,nan,nan,2.950632013165848555e+00,2.987557463148616144e+00,3.020474463611631855e+00,nan,nan,3.093809995972017557e+00,nan,nan,3.126524597283176998e+00,nan,nan,nan,nan,3.084218706366283591e+00,3.060717820519070376e+00,nan,nan,nan,2.915937066932297483e+00,nan,2.813325131201578788e+00,nan,nan,nan,nan,2.472203973313722436e+00,nan,nan,nan,nan,nan,1.918915992470807463e+00,nan,nan,1.593289885070067857e+00,nan,nan,nan,1.120877479578169078e+00,nan,nan,nan,6.192315148184004414e-01,4.912737607651520566e-01,nan,2.343048835333678692e-01,nan,nan,-1.493332831175159248e-01,-2.755232542867239176e-01,nan,nan,nan,nan,nan,nan,nan,nan,-1.314147977438599568e+00,-1.413334206758280143e+00,nan,nan,nan,-1.764635423066128972e+00,nan,nan,nan,-2.031441025531861566e+00,nan,nan,nan,nan,-2.225777692327955304e+00,-2.244434100898707651e+00,-2.256057061461913094e+00,nan,nan,nan,nan,-2.205839994724883013e+00,-2.173792563371640618e+00,-2.134376281787017327e+00,-2.087610820339307782e+00,nan,nan,nan,-1.828060921333191979e+00,nan,nan,nan,nan,nan,nan,nan,nan,-8.514765788093833221e-01,nan,nan,nan,-2.710002772361423951e-01,nan,nan,nan,nan,5.443696404599394079e-01,7.160648205152774226e-01,nan,1.065153535330953805e+00,nan,nan,1.597228660028755298e+00,nan,nan,nan,nan,nan,2.652003098956751348e+00,nan,2.988809311526388512e+00,nan,nan,nan,nan,nan,nan,4.045981487333919269e+00,nan,nan,nan,nan,4.632992973253363900e+00,nan,nan,nan,nan,5.034128671268661037e+00,5.089186768727530286e+00,5.135365721845640330e+00,nan,nan
nan,-3.724516929896468098e-01,nan,nan,nan,nan,nan,-5.336956319990732167e-02,nan,5.674658501131202987e-02,nan,nan,nan,nan,nan,nan,4.351079363134996436e-01,nan,nan,nan,nan,6.774467251140227075e-01,nan,7.628149929901656412e-01,nan,nan,8.747006264676279175e-01,nan,nan,nan,nan,nan,nan,nan,nan,nan,1.063900900112163095e+00,nan,nan,nan,1.043209092853948583e+00,nan,nan,9.872216673879249393e-01,nan,nan,nan,nan,8.148645430158448777e-01,nan,7.184922426267120743e-01,6.645822729551821295e-01,nan,5.456380528485587078e-01,4.807645726195064473e-01,4.124146861415722287e-01,nan,nan,1.876194101383179824e-01,nan,2.258827242724691098e-02,nan,nan,nan,-3.383889161906236120e-01,nan,-5.315074141398085095e-01,-6.305422804864265762e-01,nan,nan,nan,nan,nan,nan,-1.349615118256514812e+00,-1.453233508826897058e+00,nan,nan,nan,nan,nan,-2.055519332032846869e+00,nan,nan,-2.332838812275856988e+00,-2.420085621619143090e+00,-2.504331018075191206e+00,-2.585337978140110238e+00,-2.662874321128070321e+00,nan,-2.806634443953041291e+00,-2.872423745052291810e+00,-2.933874697320407954e+00,nan,nan,-3.090254319319647447e+00,-3.132453517155006306e+00,nan,nan,nan,nan,-3.261995191640243874e+00,-3.270720352072256976e+00,nan,nan,-3.260791716561044495e+00,nan,nan,-3.195519499627797799e+00,nan,-3.120929148304536938e+00,nan,nan,nan,nan,nan,nan,-2.667940702707451539e+00,-2.579914675850214500e+00,nan,-2.387618193189373628e+00,nan,nan,-2.061129722758004768e+00,nan,-1.820425929590701708e+00,nan,nan,nan,-1.292138017187211663e+00,nan,nan,nan,-7.158250468348723583e-01,nan,nan,nan,nan,nan,1.954250691907260251e-01,nan,5.008654920487398687e-01,nan,8.024555776423552000e-01,nan,nan,nan,1.382655073339907004e+00,nan,nan,nan,nan,2.035825620654895030e+00,nan,nan,nan,nan,2.570179807356421708e+00,nan,nan,nan,nan,nan,nan,nan,3.089571145706749178e+00,3.120732261632932936e+00,nan,nan,nan,nan,nan,3.134702183009798748e+00,nan,3.071742754916230389e+00,nan,nan,nan,nan,nan,nan,2.586090234747117744e+00,nan,nan,nan,nan,nan,nan,1.717722963236539835e+00,1.566363957843186050e+00,nan,nan,1.077450164619676354e+00,nan,nan,nan,nan,nan,-2.607480565172193288e-02,-2.218352074875842017e-01,nan
nan,-4.728898880037288310e-01,nan,nan,nan,nan,nan,-4.640692715624469278e-01,nan,-4.399887946282601825e-01,nan,nan,nan,nan,nan,nan,-2.661705737292630602e-01,nan,nan,nan,nan,-5.638152964292707237e-02,nan,4.653247368319454041e-02,nan,nan,2.196136602599669807e-01,nan,nan,nan,nan,nan,nan,nan,nan,nan,9.241124043195367843e-01,nan,nan,nan,1.238490111300034169e+00,nan,nan,1.476305839419081556e+00,nan,nan,nan,nan,1.861013535781264494e+00,nan,2.006128729198065397e+00,2.075998448461954915e+00,nan,2.209362317433369416e+00,2.272462884490811685e+00,2.332918285560141136e+00,nan,nan,2.496547259850600664e+00,nan,2.589068642581842550e+00,nan,nan,nan,2.728464480976303896e+00,nan,2.773032105388089530e+00,2.788593523951559572e+00,nan,nan,nan,nan,nan,nan,2.763440815782355564e+00,2.739939929935142349e+00,nan,nan,nan,nan,nan,2.492547240617650761e+00,nan,nan,2.301956070366506069e+00,2.228969381447112763e+00,2.151426082729794409e+00,2.069447823898317385e+00,1.983168536024266126e+00,nan,1.798302841266402829e+00,1.700043844930839931e+00,1.598138101886879436e+00,nan,nan,1.272511994486139830e+00,1.158042663650093562e+00,nan,nan,nan,nan,5.518724925219378186e-01,4.256737541152657567e-01,nan,nan,4.208927643908541572e-02,nan,nan,-3.428742462948606295e-01,nan,-5.963011448706520001e-01,nan,nan,nan,nan,nan,nan,-1.424800697286975337e+00,-1.531729031210818714e+00,nan,-1.734112097342208170e+00,nan,nan,-2.004918709344028382e+00,nan,-2.160614395472715277e+00,nan,nan,nan,-2.404064285716877691e+00,nan,nan,nan,-2.546555582911882887e+00,nan,nan,nan,nan,nan,-2.551294091268919484e+00,nan,-2.494570453955568201e+00,nan,-2.408388710923234921e+00,nan,nan,nan,-2.148838811917118896e+00,nan,nan,nan,nan,-1.668663528075536417e+00,nan,nan,nan,nan,-1.034354484027263155e+00,nan,nan,nan,nan,nan,nan,nan,2.235917498760122690e-01,3.952869299313502838e-01,nan,nan,nan,nan,nan,1.454471914686236378e+00,nan,1.809075089400350222e+00,nan,nan,nan,nan,nan,nan,2.992008664326685885e+00,nan,nan,nan,nan,nan,nan,3.979952827197255072e+00,4.097675017061081171e+00,nan,nan,4.408433842549543513e+00,nan,nan,nan,nan,nan,4.814587831261714079e+00,4.851715012316323516e+00,nan
nan,nan,nan,nan,nan,-5.104488954567432124e-01,nan,nan,nan,nan,-2.362486514227411516e-01,nan,-1.264372660604127230e-01,nan,nan,3.476476764075100284e-02,nan,nan,nan,2.366956571392158371e-01,nan,nan,nan,nan,4.542554967543876998e-01,4.915984983628394756e-01,nan,5.589519715917594667e-01,5.886870043189793567e-01,nan,6.396182463804913620e-01,nan,6.783502779623690193e-01,nan,nan,nan,nan,7.162014122993394238e-01,nan,7.059148181416270429e-01,nan,6.803128474578297169e-01,nan,6.390649488197451822e-01,6.125116683114586458e-01,nan,nan,5.090723186638085318e-01,4.667078244476650650e-01,nan,3.703355240585322061e-01,3.164255543870022058e-01,nan,1.974813342803788396e-01,nan,nan,nan,nan,-1.605373084298619135e-01,nan,nan,nan,nan,-5.928631525528922364e-01,nan,nan,-8.796641327079883776e-01,nan,nan,nan,nan,nan,nan,nan,nan,nan,-1.904502577749875414e+00,nan,nan,-2.208294289743479855e+00,-2.306868234606273660e+00,nan,-2.498466141396637585e+00,nan,nan,nan,nan,nan,nan,nan,-3.154791162521221715e+00,nan,nan,nan,nan,nan,-3.480610235723186729e+00,nan,nan,nan,nan,nan,nan,-3.621634071386548914e+00,nan,-3.608948435129224919e+00,-3.593392431017372157e+00,nan,nan,nan,nan,-3.422492465683232510e+00,-3.369745865057736101e+00,nan,-3.246020178492939223e+00,nan,-3.098513709281839557e+00,-3.016097421275631962e+00,-2.928071394418394924e+00,-2.834578210859070690e+00,nan,nan,-2.522936984577122121e+00,nan,-2.291093299910890391e+00,-2.168582648158882353e+00,nan,nan,-1.777581370760138668e+00,nan,nan,nan,nan,nan,nan,-7.638398433798101461e-01,nan,nan,nan,nan,2.915020062963791236e-04,nan,3.041637395465213167e-01,4.542988590741747768e-01,nan,nan,nan,1.034498354771726580e+00,1.172691397161267135e+00,nan,nan,1.565264722141122888e+00,nan,nan,nan,2.025021693371335640e+00,nan,nan,nan,nan,2.470117768209872722e+00,nan,2.601025631202586563e+00,nan,2.702328405872481021e+00,nan,2.772575543064752512e+00,2.795671998196912700e+00,nan,2.817200155735984257e+00,2.815441854860288196e+00,nan,nan,nan,2.723586036348049966e+00,nan,nan,nan,nan,nan,2.331976324562395231e+00,nan,2.136002644969409836e+00,2.026352833155089073e+00,nan,nan,nan,nan,1.369566244668359412e+00,nan,nan,nan,nan,nan,3.776315610639002784e-01,nan,nan,nan,-3.742315242199023562e-01,-5.699919260557646528e-01,nan
nan,nan,nan,nan,nan,-5.447679228533743728e-02,nan,nan,nan,nan,-9.673399089592665812e-04,nan,4.003649935227672485e-02,nan,nan,1.231444205769806344e-01,nan,nan,nan,2.741465121382218317e-01,nan,nan,nan,nan,5.246040924467523237e-01,5.823281145768081091e-01,nan,7.047316392464688661e-01,7.692051053291231177e-01,nan,9.041213952047524316e-01,nan,1.046143351709173830e+00,nan,nan,nan,nan,1.424651036260482062e+00,nan,1.582020972671405179e+00,nan,1.740673468074235286e+00,nan,1.899095815808716115e+00,1.977733741100831111e+00,nan,nan,2.208962015460782524e+00,2.283803512170898831e+00,nan,2.428918705587699733e+00,2.498788424851589252e+00,nan,2.632152293823003752e+00,nan,nan,nan,nan,2.919337236240235001e+00,nan,nan,nan,nan,3.122486549417338164e+00,nan,nan,3.195822081777723866e+00,nan,nan,nan,nan,nan,nan,nan,nan,nan,3.134149437393891624e+00,nan,nan,3.017949152738003793e+00,2.969131354813610457e+00,nan,2.856625304357807149e+00,nan,nan,nan,nan,nan,nan,nan,2.221092817656037166e+00,nan,nan,nan,nan,nan,1.580832640039727899e+00,nan,nan,nan,nan,nan,nan,7.212436006241067510e-01,nan,4.648792528287198356e-01,3.363169693390741788e-01,nan,nan,nan,nan,-2.983495338403722164e-01,-4.215314973027816658e-01,nan,-6.617107426570348894e-01,nan,-8.916358235190064985e-01,-1.002010720897340779e+00,-1.108939054821184156e+00,-1.212135891632893037e+00,nan,nan,-1.496579819935192290e+00,nan,-1.662623337260422440e+00,-1.737824419083081384e+00,nan,nan,-1.929428939726155257e+00,nan,nan,nan,nan,nan,nan,-2.154044975656206784e+00,nan,nan,nan,nan,-2.103827908919176704e+00,nan,-2.032364195981310573e+00,-1.985598734533601029e+00,nan,nan,nan,-1.726048835527485226e+00,-1.643443248336771134e+00,nan,nan,-1.355021234812239017e+00,nan,nan,nan,-8.820921171299738184e-01,nan,nan,nan,nan,-1.689881914304356136e-01,nan,1.471328644639903482e-01,nan,4.770851065664125645e-01,nan,8.180769063209841763e-01,9.917982816906494303e-01,nan,1.343791658948627177e+00,1.521282949940693907e+00,nan,nan,nan,2.231865065789983671e+00,nan,nan,nan,nan,nan,3.254614332210922889e+00,nan,3.570979137240267054e+00,3.722766756198744975e+00,nan,nan,nan,nan,4.402742803586889409e+00,nan,nan,nan,nan,nan,5.000172321818555865e+00,nan,nan,nan,5.237377807651347972e+00,5.274504988705957409e+00,nan
